Using pre-set license
Built from '2021.3/staging' branch; Version is '2021.3.15f1 (e8e88683f834) revision 15263878'; Using compiler version '192829333'; Build Type 'Release'
OS: 'Windows 10  (10.0.19045) 64bit CoreSingleLanguage' Language: 'pt' Physical Memory: 12197 MB
BatchMode: 1, IsHumanControllingUs: 0, StartBugReporterOnCrash: 0, Is64bit: 1, IsPro: 1

COMMAND LINE ARGUMENTS:
C:\Program Files\Unity\Hub\Editor\2021.3.15f1\Editor\Unity.exe
-adb2
-batchMode
-noUpm
-name
AssetImportWorker0
-projectPath
D:/GameDev/SantosPowerUp2025
-logFile
Logs/AssetImportWorker0.log
-srvPort
54008
Successfully changed project path to: D:/GameDev/SantosPowerUp2025
D:/GameDev/SantosPowerUp2025
[UnityMemory] Configuration Parameters - Can be set up in boot.config
    "memorysetup-bucket-allocator-granularity=16"
    "memorysetup-bucket-allocator-bucket-count=8"
    "memorysetup-bucket-allocator-block-size=33554432"
    "memorysetup-bucket-allocator-block-count=8"
    "memorysetup-main-allocator-block-size=16777216"
    "memorysetup-thread-allocator-block-size=16777216"
    "memorysetup-gfx-main-allocator-block-size=16777216"
    "memorysetup-gfx-thread-allocator-block-size=16777216"
    "memorysetup-cache-allocator-block-size=4194304"
    "memorysetup-typetree-allocator-block-size=2097152"
    "memorysetup-profiler-bucket-allocator-granularity=16"
    "memorysetup-profiler-bucket-allocator-bucket-count=8"
    "memorysetup-profiler-bucket-allocator-block-size=33554432"
    "memorysetup-profiler-bucket-allocator-block-count=8"
    "memorysetup-profiler-allocator-block-size=16777216"
    "memorysetup-profiler-editor-allocator-block-size=1048576"
    "memorysetup-temp-allocator-size-main=16777216"
    "memorysetup-job-temp-allocator-block-size=2097152"
    "memorysetup-job-temp-allocator-block-size-background=1048576"
    "memorysetup-job-temp-allocator-reduction-small-platforms=262144"
    "memorysetup-temp-allocator-size-background-worker=32768"
    "memorysetup-temp-allocator-size-job-worker=262144"
    "memorysetup-temp-allocator-size-preload-manager=33554432"
    "memorysetup-temp-allocator-size-nav-mesh-worker=65536"
    "memorysetup-temp-allocator-size-audio-worker=65536"
    "memorysetup-temp-allocator-size-cloud-worker=32768"
    "memorysetup-temp-allocator-size-gi-baking-worker=262144"
    "memorysetup-temp-allocator-size-gfx=262144"
Player connection [8148] Host "[IP] 192.168.0.56 [Port] 0 [Flags] 2 [Guid] 1824281804 [EditorId] 1824281804 [Version] 1048832 [Id] WindowsEditor(7,DESKTOP-TB57UM9) [Debug] 1 [PackageName] WindowsEditor [ProjectName] Editor" joined multi-casting on [225.0.0.222:54997]...

Player connection [8148] Host "[IP] 192.168.0.56 [Port] 0 [Flags] 2 [Guid] 1824281804 [EditorId] 1824281804 [Version] 1048832 [Id] WindowsEditor(7,DESKTOP-TB57UM9) [Debug] 1 [PackageName] WindowsEditor [ProjectName] Editor" joined alternative multi-casting on [225.0.0.222:34997]...

Refreshing native plugins compatible for Editor in 274.78 ms, found 3 plugins.
Preloading 0 native plugins for Editor in 0.00 ms.
Initialize engine version: 2021.3.15f1 (e8e88683f834)
[Subsystems] Discovering subsystems at path C:/Program Files/Unity/Hub/Editor/2021.3.15f1/Editor/Data/Resources/UnitySubsystems
[Subsystems] Discovering subsystems at path D:/GameDev/SantosPowerUp2025/Assets
GfxDevice: creating device client; threaded=0; jobified=0
Direct3D:
    Version:  Direct3D 11.0 [level 11.1]
    Renderer: NVIDIA GeForce GTX 1050 (ID=0x1c8d)
    Vendor:   NVIDIA
    VRAM:     4007 MB
    Driver:   32.0.15.7602
Initialize mono
Mono path[0] = 'C:/Program Files/Unity/Hub/Editor/2021.3.15f1/Editor/Data/Managed'
Mono path[1] = 'C:/Program Files/Unity/Hub/Editor/2021.3.15f1/Editor/Data/MonoBleedingEdge/lib/mono/unityjit-win32'
Mono config path = 'C:/Program Files/Unity/Hub/Editor/2021.3.15f1/Editor/Data/MonoBleedingEdge/etc'
Using monoOptions --debugger-agent=transport=dt_socket,embedding=1,server=y,suspend=n,address=127.0.0.1:56756
Begin MonoManager ReloadAssembly
Registering precompiled unity dll's ...
Register platform support module: C:/Program Files/Unity/Hub/Editor/2021.3.15f1/Editor/Data/PlaybackEngines/WebGLSupport/UnityEditor.WebGL.Extensions.dll
Register platform support module: C:/Program Files/Unity/Hub/Editor/2021.3.15f1/Editor/Data/PlaybackEngines/AndroidPlayer/UnityEditor.Android.Extensions.dll
Register platform support module: C:/Program Files/Unity/Hub/Editor/2021.3.15f1/Editor/Data/PlaybackEngines/WindowsStandaloneSupport/UnityEditor.WindowsStandalone.Extensions.dll
Registered in 0.024042 seconds.
Native extension for WindowsStandalone target not found
Native extension for Android target not found
Native extension for WebGL target not found
Refreshing native plugins compatible for Editor in 220.94 ms, found 3 plugins.
Preloading 0 native plugins for Editor in 0.00 ms.
Mono: successfully reloaded assembly
- Completed reload, in  1.315 seconds
Domain Reload Profiling:
	ReloadAssembly (1316ms)
		BeginReloadAssembly (140ms)
			ExecutionOrderSort (0ms)
			DisableScriptedObjects (0ms)
			BackupInstance (0ms)
			ReleaseScriptingObjects (0ms)
			CreateAndSetChildDomain (1ms)
		EndReloadAssembly (974ms)
			LoadAssemblies (140ms)
			RebuildTransferFunctionScriptingTraits (0ms)
			SetupTypeCache (228ms)
			ReleaseScriptCaches (0ms)
			RebuildScriptCaches (60ms)
			SetupLoadedEditorAssemblies (574ms)
				LogAssemblyErrors (0ms)
				InitializePlatformSupportModulesInManaged (82ms)
				SetLoadedEditorAssemblies (0ms)
				RefreshPlugins (221ms)
				BeforeProcessingInitializeOnLoad (2ms)
				ProcessInitializeOnLoadAttributes (190ms)
				ProcessInitializeOnLoadMethodAttributes (79ms)
				AfterProcessingInitializeOnLoad (0ms)
				EditorAssembliesLoaded (0ms)
			ExecutionOrderSort2 (0ms)
			AwakeInstancesAfterBackupRestoration (0ms)
Platform modules already initialized, skipping
Registering precompiled user dll's ...
Registered in 0.018393 seconds.
Begin MonoManager ReloadAssembly
Symbol file LoadedFromMemory doesn't match image D:\GameDev\SantosPowerUp2025\Library\PackageCache\com.unity.visualscripting@1.7.8\Editor\VisualScripting.Core\Dependencies\YamlDotNet\Unity.VisualScripting.YamlDotNet.dll
Symbol file LoadedFromMemory doesn't match image D:\GameDev\SantosPowerUp2025\Library\PackageCache\com.unity.visualscripting@1.7.8\Editor\VisualScripting.Core\Dependencies\DotNetZip\Unity.VisualScripting.IonicZip.dll
Native extension for WindowsStandalone target not found
Native extension for Android target not found
Native extension for WebGL target not found
Refreshing native plugins compatible for Editor in 217.36 ms, found 3 plugins.
Preloading 0 native plugins for Editor in 0.00 ms.
Mono: successfully reloaded assembly
- Completed reload, in  2.390 seconds
Domain Reload Profiling:
	ReloadAssembly (2392ms)
		BeginReloadAssembly (159ms)
			ExecutionOrderSort (0ms)
			DisableScriptedObjects (8ms)
			BackupInstance (0ms)
			ReleaseScriptingObjects (0ms)
			CreateAndSetChildDomain (30ms)
		EndReloadAssembly (2061ms)
			LoadAssemblies (193ms)
			RebuildTransferFunctionScriptingTraits (0ms)
			SetupTypeCache (515ms)
			ReleaseScriptCaches (1ms)
			RebuildScriptCaches (135ms)
			SetupLoadedEditorAssemblies (1127ms)
				LogAssemblyErrors (0ms)
				InitializePlatformSupportModulesInManaged (27ms)
				SetLoadedEditorAssemblies (0ms)
				RefreshPlugins (217ms)
				BeforeProcessingInitializeOnLoad (208ms)
				ProcessInitializeOnLoadAttributes (451ms)
				ProcessInitializeOnLoadMethodAttributes (212ms)
				AfterProcessingInitializeOnLoad (10ms)
				EditorAssembliesLoaded (0ms)
			ExecutionOrderSort2 (0ms)
			AwakeInstancesAfterBackupRestoration (8ms)
Platform modules already initialized, skipping
========================================================================
Worker process is ready to serve import requests
Launched and connected shader compiler UnityShaderCompiler.exe after 0.10 seconds
Refreshing native plugins compatible for Editor in 5.29 ms, found 3 plugins.
Preloading 0 native plugins for Editor in 0.00 ms.
Unloading 5763 Unused Serialized files (Serialized files now loaded: 0)
Unloading 34 unused Assets / (1.1 MB). Loaded Objects now: 6230.
Memory consumption went from 232.7 MB to 231.6 MB.
Total: 18.380000 ms (FindLiveObjects: 2.999300 ms CreateObjectMapping: 0.965500 ms MarkObjects: 11.153100 ms  DeleteObjects: 3.259400 ms)

AssetImportParameters requested are different than current active one (requested -> active):
  custom:video-decoder-ogg-theora: a1e56fd34408186e4bbccfd4996cb3dc -> 
  custom:container-muxer-webm: aa71ff27fc2769a1b78a27578f13a17b -> 
  custom:container-demuxer-webm: 4f35f7cbe854078d1ac9338744f61a02 -> 
  custom:video-encoder-webm-vp8: eb34c28f22e8b96e1ab97ce403110664 -> 
  custom:audio-encoder-webm-vorbis: bf7c407c2cedff20999df2af8eb42d56 -> 
  custom:framework-win-MediaFoundation: 216162199b28c13a410421893ffa2e32 -> 
  custom:container-demuxer-ogg: 62fdf1f143b41e24485cea50d1cbac27 -> 
  custom:video-decoder-webm-vp8: 9c59270c3fd7afecdb556c50c9e8de78 -> 
  custom:audio-decoder-ogg-vorbis: bf7c407c2cedff20999df2af8eb42d56 -> 
========================================================================
Received Import Request.
  Time since last request: 376646.531470 seconds.
  path: Assets/vfx/FUMACAFABRICA.vfx
  artifactKey: Guid(b6a7c87994310cd49a1ce1f3442092b3) Importer(815301076,1909f56bfc062723c751e8b465ee728b)
Start importing Assets/vfx/FUMACAFABRICA.vfx using Guid(b6a7c87994310cd49a1ce1f3442092b3) Importer(815301076,1909f56bfc062723c751e8b465ee728b)  -> (artifact id: 'e8373d35c88bddba6fd3bd3ea80890fe') in 2.089711 seconds 
========================================================================
Received Import Request.
  Time since last request: 7.291684 seconds.
  path: Assets/vfx/NuclearFumaca.vfx
  artifactKey: Guid(87223b52f2e72684a82880e983ff9167) Importer(815301076,1909f56bfc062723c751e8b465ee728b)
Start importing Assets/vfx/NuclearFumaca.vfx using Guid(87223b52f2e72684a82880e983ff9167) Importer(815301076,1909f56bfc062723c751e8b465ee728b)  -> (artifact id: '35d3390020a1f126ece3a3d956d8743b') in 1.126242 seconds 
========================================================================
Received Import Request.
  Time since last request: 0.553149 seconds.
  path: Assets/vfx/NuclearFumaca.vfx
  artifactKey: Guid(87223b52f2e72684a82880e983ff9167) Importer(815301076,1909f56bfc062723c751e8b465ee728b)
Start importing Assets/vfx/NuclearFumaca.vfx using Guid(87223b52f2e72684a82880e983ff9167) Importer(815301076,1909f56bfc062723c751e8b465ee728b)  -> (artifact id: '295a9ab4a78a5b94951fd865f09670cb') in 0.022819 seconds 
========================================================================
Received Prepare
Registering precompiled user dll's ...
Registered in 0.010044 seconds.
Begin MonoManager ReloadAssembly
Symbol file LoadedFromMemory doesn't match image D:\GameDev\SantosPowerUp2025\Library\PackageCache\com.unity.visualscripting@1.7.8\Editor\VisualScripting.Core\Dependencies\YamlDotNet\Unity.VisualScripting.YamlDotNet.dll
Symbol file LoadedFromMemory doesn't match image D:\GameDev\SantosPowerUp2025\Library\PackageCache\com.unity.visualscripting@1.7.8\Editor\VisualScripting.Core\Dependencies\DotNetZip\Unity.VisualScripting.IonicZip.dll
Native extension for WindowsStandalone target not found
Native extension for Android target not found
Native extension for WebGL target not found
Refreshing native plugins compatible for Editor in 1.61 ms, found 3 plugins.
Preloading 0 native plugins for Editor in 0.00 ms.
Mono: successfully reloaded assembly
- Completed reload, in  2.490 seconds
Domain Reload Profiling:
	ReloadAssembly (2491ms)
		BeginReloadAssembly (199ms)
			ExecutionOrderSort (0ms)
			DisableScriptedObjects (10ms)
			BackupInstance (0ms)
			ReleaseScriptingObjects (0ms)
			CreateAndSetChildDomain (62ms)
		EndReloadAssembly (2143ms)
			LoadAssemblies (175ms)
			RebuildTransferFunctionScriptingTraits (0ms)
			SetupTypeCache (725ms)
			ReleaseScriptCaches (3ms)
			RebuildScriptCaches (147ms)
			SetupLoadedEditorAssemblies (934ms)
				LogAssemblyErrors (0ms)
				InitializePlatformSupportModulesInManaged (38ms)
				SetLoadedEditorAssemblies (1ms)
				RefreshPlugins (2ms)
				BeforeProcessingInitializeOnLoad (185ms)
				ProcessInitializeOnLoadAttributes (522ms)
				ProcessInitializeOnLoadMethodAttributes (172ms)
				AfterProcessingInitializeOnLoad (14ms)
				EditorAssembliesLoaded (0ms)
			ExecutionOrderSort2 (0ms)
			AwakeInstancesAfterBackupRestoration (34ms)
Platform modules already initialized, skipping
Refreshing native plugins compatible for Editor in 4.75 ms, found 3 plugins.
Preloading 0 native plugins for Editor in 0.00 ms.
Unloading 5618 Unused Serialized files (Serialized files now loaded: 0)
Unloading 28 unused Assets / (1.1 MB). Loaded Objects now: 6319.
Memory consumption went from 228.8 MB to 227.7 MB.
Total: 5.938500 ms (FindLiveObjects: 0.678100 ms CreateObjectMapping: 0.801800 ms MarkObjects: 4.151400 ms  DeleteObjects: 0.305900 ms)

AssetImportParameters requested are different than current active one (requested -> active):
  custom:video-decoder-ogg-theora: a1e56fd34408186e4bbccfd4996cb3dc -> 
  custom:container-muxer-webm: aa71ff27fc2769a1b78a27578f13a17b -> 
  custom:container-demuxer-webm: 4f35f7cbe854078d1ac9338744f61a02 -> 
  custom:video-encoder-webm-vp8: eb34c28f22e8b96e1ab97ce403110664 -> 
  custom:audio-encoder-webm-vorbis: bf7c407c2cedff20999df2af8eb42d56 -> 
  custom:framework-win-MediaFoundation: 216162199b28c13a410421893ffa2e32 -> 
  custom:container-demuxer-ogg: 62fdf1f143b41e24485cea50d1cbac27 -> 
  custom:video-decoder-webm-vp8: 9c59270c3fd7afecdb556c50c9e8de78 -> 
  custom:audio-decoder-ogg-vorbis: bf7c407c2cedff20999df2af8eb42d56 -> 
========================================================================
Received Prepare
Registering precompiled user dll's ...
Registered in 0.016924 seconds.
Begin MonoManager ReloadAssembly
Symbol file LoadedFromMemory doesn't match image D:\GameDev\SantosPowerUp2025\Library\PackageCache\com.unity.visualscripting@1.7.8\Editor\VisualScripting.Core\Dependencies\YamlDotNet\Unity.VisualScripting.YamlDotNet.dll
Symbol file LoadedFromMemory doesn't match image D:\GameDev\SantosPowerUp2025\Library\PackageCache\com.unity.visualscripting@1.7.8\Editor\VisualScripting.Core\Dependencies\DotNetZip\Unity.VisualScripting.IonicZip.dll
Native extension for WindowsStandalone target not found
Native extension for Android target not found
Native extension for WebGL target not found
Refreshing native plugins compatible for Editor in 1.62 ms, found 3 plugins.
Preloading 0 native plugins for Editor in 0.00 ms.
Mono: successfully reloaded assembly
- Completed reload, in  4.196 seconds
Domain Reload Profiling:
	ReloadAssembly (4198ms)
		BeginReloadAssembly (446ms)
			ExecutionOrderSort (0ms)
			DisableScriptedObjects (33ms)
			BackupInstance (0ms)
			ReleaseScriptingObjects (0ms)
			CreateAndSetChildDomain (134ms)
		EndReloadAssembly (3408ms)
			LoadAssemblies (335ms)
			RebuildTransferFunctionScriptingTraits (0ms)
			SetupTypeCache (1173ms)
			ReleaseScriptCaches (4ms)
			RebuildScriptCaches (254ms)
			SetupLoadedEditorAssemblies (1431ms)
				LogAssemblyErrors (0ms)
				InitializePlatformSupportModulesInManaged (70ms)
				SetLoadedEditorAssemblies (1ms)
				RefreshPlugins (2ms)
				BeforeProcessingInitializeOnLoad (299ms)
				ProcessInitializeOnLoadAttributes (779ms)
				ProcessInitializeOnLoadMethodAttributes (252ms)
				AfterProcessingInitializeOnLoad (28ms)
				EditorAssembliesLoaded (1ms)
			ExecutionOrderSort2 (0ms)
			AwakeInstancesAfterBackupRestoration (35ms)
Platform modules already initialized, skipping
Refreshing native plugins compatible for Editor in 22.89 ms, found 3 plugins.
Preloading 0 native plugins for Editor in 0.00 ms.
Unloading 5618 Unused Serialized files (Serialized files now loaded: 0)
Unloading 28 unused Assets / (1.1 MB). Loaded Objects now: 6322.
Memory consumption went from 228.7 MB to 227.6 MB.
Total: 19.652900 ms (FindLiveObjects: 1.099400 ms CreateObjectMapping: 0.810800 ms MarkObjects: 13.837500 ms  DeleteObjects: 3.901600 ms)

AssetImportParameters requested are different than current active one (requested -> active):
  custom:video-decoder-ogg-theora: a1e56fd34408186e4bbccfd4996cb3dc -> 
  custom:container-muxer-webm: aa71ff27fc2769a1b78a27578f13a17b -> 
  custom:container-demuxer-webm: 4f35f7cbe854078d1ac9338744f61a02 -> 
  custom:video-encoder-webm-vp8: eb34c28f22e8b96e1ab97ce403110664 -> 
  custom:audio-encoder-webm-vorbis: bf7c407c2cedff20999df2af8eb42d56 -> 
  custom:framework-win-MediaFoundation: 216162199b28c13a410421893ffa2e32 -> 
  custom:container-demuxer-ogg: 62fdf1f143b41e24485cea50d1cbac27 -> 
  custom:video-decoder-webm-vp8: 9c59270c3fd7afecdb556c50c9e8de78 -> 
  custom:audio-decoder-ogg-vorbis: bf7c407c2cedff20999df2af8eb42d56 -> 
========================================================================
Received Prepare
Registering precompiled user dll's ...
Registered in 0.019260 seconds.
Begin MonoManager ReloadAssembly
Symbol file LoadedFromMemory doesn't match image D:\GameDev\SantosPowerUp2025\Library\PackageCache\com.unity.visualscripting@1.7.8\Editor\VisualScripting.Core\Dependencies\YamlDotNet\Unity.VisualScripting.YamlDotNet.dll
Symbol file LoadedFromMemory doesn't match image D:\GameDev\SantosPowerUp2025\Library\PackageCache\com.unity.visualscripting@1.7.8\Editor\VisualScripting.Core\Dependencies\DotNetZip\Unity.VisualScripting.IonicZip.dll
Native extension for WindowsStandalone target not found
Native extension for Android target not found
Native extension for WebGL target not found
Refreshing native plugins compatible for Editor in 10.31 ms, found 3 plugins.
Preloading 0 native plugins for Editor in 0.00 ms.
Mono: successfully reloaded assembly
- Completed reload, in 13.576 seconds
Domain Reload Profiling:
	ReloadAssembly (13579ms)
		BeginReloadAssembly (1071ms)
			ExecutionOrderSort (0ms)
			DisableScriptedObjects (57ms)
			BackupInstance (0ms)
			ReleaseScriptingObjects (0ms)
			CreateAndSetChildDomain (151ms)
		EndReloadAssembly (11376ms)
			LoadAssemblies (1250ms)
			RebuildTransferFunctionScriptingTraits (0ms)
			SetupTypeCache (3930ms)
			ReleaseScriptCaches (14ms)
			RebuildScriptCaches (748ms)
			SetupLoadedEditorAssemblies (4836ms)
				LogAssemblyErrors (0ms)
				InitializePlatformSupportModulesInManaged (287ms)
				SetLoadedEditorAssemblies (6ms)
				RefreshPlugins (11ms)
				BeforeProcessingInitializeOnLoad (889ms)
				ProcessInitializeOnLoadAttributes (2724ms)
				ProcessInitializeOnLoadMethodAttributes (845ms)
				AfterProcessingInitializeOnLoad (73ms)
				EditorAssembliesLoaded (1ms)
			ExecutionOrderSort2 (0ms)
			AwakeInstancesAfterBackupRestoration (133ms)
Platform modules already initialized, skipping
Refreshing native plugins compatible for Editor in 18.19 ms, found 3 plugins.
Preloading 0 native plugins for Editor in 0.00 ms.
Unloading 5618 Unused Serialized files (Serialized files now loaded: 0)
Unloading 28 unused Assets / (1.1 MB). Loaded Objects now: 6325.
Memory consumption went from 228.7 MB to 227.6 MB.
Total: 50.473000 ms (FindLiveObjects: 0.602700 ms CreateObjectMapping: 14.106200 ms MarkObjects: 29.767600 ms  DeleteObjects: 5.982600 ms)

AssetImportParameters requested are different than current active one (requested -> active):
  custom:video-decoder-ogg-theora: a1e56fd34408186e4bbccfd4996cb3dc -> 
  custom:container-muxer-webm: aa71ff27fc2769a1b78a27578f13a17b -> 
  custom:container-demuxer-webm: 4f35f7cbe854078d1ac9338744f61a02 -> 
  custom:video-encoder-webm-vp8: eb34c28f22e8b96e1ab97ce403110664 -> 
  custom:audio-encoder-webm-vorbis: bf7c407c2cedff20999df2af8eb42d56 -> 
  custom:framework-win-MediaFoundation: 216162199b28c13a410421893ffa2e32 -> 
  custom:container-demuxer-ogg: 62fdf1f143b41e24485cea50d1cbac27 -> 
  custom:video-decoder-webm-vp8: 9c59270c3fd7afecdb556c50c9e8de78 -> 
  custom:audio-decoder-ogg-vorbis: bf7c407c2cedff20999df2af8eb42d56 -> 
========================================================================
Received Import Request.
  Time since last request: 445.856248 seconds.
  path: Assets/SO Deals/abrirFabrica.asset
  artifactKey: Guid(1dcdb27b85130d24eac5877144bc44cf) Importer(815301076,1909f56bfc062723c751e8b465ee728b)
Start importing Assets/SO Deals/abrirFabrica.asset using Guid(1dcdb27b85130d24eac5877144bc44cf) Importer(815301076,1909f56bfc062723c751e8b465ee728b)  -> (artifact id: '50cc6d0b4aaf4f9f54fe18200ce7bda1') in 0.101592 seconds 
========================================================================
Received Import Request.
  Time since last request: 0.000047 seconds.
  path: Assets/SO Deals/Usina Eolica.asset
  artifactKey: Guid(58174c4477a79c94ca76dc13ce649ed0) Importer(815301076,1909f56bfc062723c751e8b465ee728b)
Start importing Assets/SO Deals/Usina Eolica.asset using Guid(58174c4477a79c94ca76dc13ce649ed0) Importer(815301076,1909f56bfc062723c751e8b465ee728b)  -> (artifact id: 'c5503300b5485b529281d6d5f052856e') in 0.035676 seconds 
========================================================================
Received Import Request.
  Time since last request: 0.000048 seconds.
  path: Assets/SO Deals/Usina Nuclear.asset
  artifactKey: Guid(ce9258dff85129d4ebea7ca8e80150a5) Importer(815301076,1909f56bfc062723c751e8b465ee728b)
Start importing Assets/SO Deals/Usina Nuclear.asset using Guid(ce9258dff85129d4ebea7ca8e80150a5) Importer(815301076,1909f56bfc062723c751e8b465ee728b)  -> (artifact id: 'ce117137dada3545ad1c6827548d477f') in 0.056734 seconds 
========================================================================
Received Import Request.
  Time since last request: 0.000027 seconds.
  path: Assets/SO Deals/pretroleoPantanal.asset
  artifactKey: Guid(2d366339e2d1d264da911338dc93ea46) Importer(815301076,1909f56bfc062723c751e8b465ee728b)
Start importing Assets/SO Deals/pretroleoPantanal.asset using Guid(2d366339e2d1d264da911338dc93ea46) Importer(815301076,1909f56bfc062723c751e8b465ee728b)  -> (artifact id: 'd5e8f8db92eea8ae747288cbc463902b') in 0.033897 seconds 
========================================================================
Received Import Request.
  Time since last request: 0.000041 seconds.
  path: Assets/SO Deals/Ventilador Barulho.asset
  artifactKey: Guid(d134cdb7aaba1b6498405c8b98e22c3e) Importer(815301076,1909f56bfc062723c751e8b465ee728b)
Start importing Assets/SO Deals/Ventilador Barulho.asset using Guid(d134cdb7aaba1b6498405c8b98e22c3e) Importer(815301076,1909f56bfc062723c751e8b465ee728b)  -> (artifact id: 'fe6fad59a1974315623759fe953c7a41') in 0.062683 seconds 
========================================================================
Received Import Request.
  Time since last request: 0.000041 seconds.
  path: Assets/SO Deals/Painel Solar.asset
  artifactKey: Guid(38ec0824726a08a46ba7521f51180590) Importer(815301076,1909f56bfc062723c751e8b465ee728b)
Start importing Assets/SO Deals/Painel Solar.asset using Guid(38ec0824726a08a46ba7521f51180590) Importer(815301076,1909f56bfc062723c751e8b465ee728b)  -> (artifact id: '5155119a1b0df93da13945d2528ddc86') in 0.064108 seconds 
========================================================================
Received Import Request.
  Time since last request: 0.000043 seconds.
  path: Assets/SO Deals/Usina Nuclear Explode.asset
  artifactKey: Guid(cb696cd66511ec54cb54202dcd78ab81) Importer(815301076,1909f56bfc062723c751e8b465ee728b)
Start importing Assets/SO Deals/Usina Nuclear Explode.asset using Guid(cb696cd66511ec54cb54202dcd78ab81) Importer(815301076,1909f56bfc062723c751e8b465ee728b)  -> (artifact id: '2266fbe72e2fb865d146d48e0c49f18d') in 0.025908 seconds 
========================================================================
Received Prepare
Registering precompiled user dll's ...
Registered in 0.012379 seconds.
Begin MonoManager ReloadAssembly
Symbol file LoadedFromMemory doesn't match image D:\GameDev\SantosPowerUp2025\Library\PackageCache\com.unity.visualscripting@1.7.8\Editor\VisualScripting.Core\Dependencies\YamlDotNet\Unity.VisualScripting.YamlDotNet.dll
Symbol file LoadedFromMemory doesn't match image D:\GameDev\SantosPowerUp2025\Library\PackageCache\com.unity.visualscripting@1.7.8\Editor\VisualScripting.Core\Dependencies\DotNetZip\Unity.VisualScripting.IonicZip.dll
Native extension for WindowsStandalone target not found
Native extension for Android target not found
Native extension for WebGL target not found
Refreshing native plugins compatible for Editor in 1.40 ms, found 3 plugins.
Preloading 0 native plugins for Editor in 0.00 ms.
Mono: successfully reloaded assembly
- Completed reload, in 13.641 seconds
Domain Reload Profiling:
	ReloadAssembly (13653ms)
		BeginReloadAssembly (1238ms)
			ExecutionOrderSort (0ms)
			DisableScriptedObjects (45ms)
			BackupInstance (0ms)
			ReleaseScriptingObjects (0ms)
			CreateAndSetChildDomain (393ms)
		EndReloadAssembly (11496ms)
			LoadAssemblies (1273ms)
			RebuildTransferFunctionScriptingTraits (2ms)
			SetupTypeCache (3456ms)
			ReleaseScriptCaches (24ms)
			RebuildScriptCaches (828ms)
			SetupLoadedEditorAssemblies (5180ms)
				LogAssemblyErrors (0ms)
				InitializePlatformSupportModulesInManaged (500ms)
				SetLoadedEditorAssemblies (1ms)
				RefreshPlugins (2ms)
				BeforeProcessingInitializeOnLoad (937ms)
				ProcessInitializeOnLoadAttributes (2695ms)
				ProcessInitializeOnLoadMethodAttributes (965ms)
				AfterProcessingInitializeOnLoad (78ms)
				EditorAssembliesLoaded (2ms)
			ExecutionOrderSort2 (0ms)
			AwakeInstancesAfterBackupRestoration (150ms)
Platform modules already initialized, skipping
Refreshing native plugins compatible for Editor in 20.05 ms, found 3 plugins.
Preloading 0 native plugins for Editor in 0.00 ms.
Unloading 5618 Unused Serialized files (Serialized files now loaded: 0)
Unloading 28 unused Assets / (1.1 MB). Loaded Objects now: 6328.
Memory consumption went from 228.8 MB to 227.7 MB.
Total: 49.675100 ms (FindLiveObjects: 0.742500 ms CreateObjectMapping: 13.236500 ms MarkObjects: 17.069600 ms  DeleteObjects: 18.623700 ms)

AssetImportParameters requested are different than current active one (requested -> active):
  custom:video-decoder-ogg-theora: a1e56fd34408186e4bbccfd4996cb3dc -> 
  custom:container-muxer-webm: aa71ff27fc2769a1b78a27578f13a17b -> 
  custom:container-demuxer-webm: 4f35f7cbe854078d1ac9338744f61a02 -> 
  custom:video-encoder-webm-vp8: eb34c28f22e8b96e1ab97ce403110664 -> 
  custom:audio-encoder-webm-vorbis: bf7c407c2cedff20999df2af8eb42d56 -> 
  custom:framework-win-MediaFoundation: 216162199b28c13a410421893ffa2e32 -> 
  custom:container-demuxer-ogg: 62fdf1f143b41e24485cea50d1cbac27 -> 
  custom:video-decoder-webm-vp8: 9c59270c3fd7afecdb556c50c9e8de78 -> 
  custom:audio-decoder-ogg-vorbis: bf7c407c2cedff20999df2af8eb42d56 -> 
========================================================================
Received Import Request.
  Time since last request: 485.913571 seconds.
  path: Assets/Scripts/NPCController.cs
  artifactKey: Guid(b91b481c145b048449aa316052c5b621) Importer(815301076,1909f56bfc062723c751e8b465ee728b)
Start importing Assets/Scripts/NPCController.cs using Guid(b91b481c145b048449aa316052c5b621) Importer(815301076,1909f56bfc062723c751e8b465ee728b)  -> (artifact id: '709aa555d57c36252fab47f9a33df364') in 0.090947 seconds 
========================================================================
Received Import Request.
  Time since last request: 315.820622 seconds.
  path: Assets/Prefabs/NPCGeneral01.prefab
  artifactKey: Guid(9179786054c1ca64996197a586509ff2) Importer(815301076,1909f56bfc062723c751e8b465ee728b)
Start importing Assets/Prefabs/NPCGeneral01.prefab using Guid(9179786054c1ca64996197a586509ff2) Importer(815301076,1909f56bfc062723c751e8b465ee728b)  -> (artifact id: 'd0c72c1a4b07baeb90422bcb4a48fbcf') in 4.833972 seconds 
========================================================================
Received Import Request.
  Time since last request: 0.153085 seconds.
  path: Assets/Prefabs/NPCGeneral01.prefab
  artifactKey: Guid(9179786054c1ca64996197a586509ff2) Importer(815301076,1909f56bfc062723c751e8b465ee728b)
Start importing Assets/Prefabs/NPCGeneral01.prefab using Guid(9179786054c1ca64996197a586509ff2) Importer(815301076,1909f56bfc062723c751e8b465ee728b)  -> (artifact id: 'e4d62198eb1b865b9c894acccbfcbafa') in 0.102926 seconds 
========================================================================
Received Import Request.
  Time since last request: 66.331385 seconds.
  path: Assets/Animations/Debbie_Entregandopapel.fbx
  artifactKey: Guid(e0bf43e566799974088270621a054a40) Importer(815301076,1909f56bfc062723c751e8b465ee728b)
Start importing Assets/Animations/Debbie_Entregandopapel.fbx using Guid(e0bf43e566799974088270621a054a40) Importer(815301076,1909f56bfc062723c751e8b465ee728b)  -> (artifact id: 'cc28ab27cf38b07b2c97cb0b17958fac') in 0.662130 seconds 
========================================================================
Received Import Request.
  Time since last request: 78.021088 seconds.
  path: Assets/Animations/Turbina.controller
  artifactKey: Guid(e786b310a51daaa4dbbc28d560a9272e) Importer(815301076,1909f56bfc062723c751e8b465ee728b)
Start importing Assets/Animations/Turbina.controller using Guid(e786b310a51daaa4dbbc28d560a9272e) Importer(815301076,1909f56bfc062723c751e8b465ee728b)  -> (artifact id: '3c35840275f98cfe7733a5d00eb9f258') in 0.074555 seconds 
========================================================================
Received Import Request.
  Time since last request: 4.970920 seconds.
  path: Assets/Animations/palmas.controller
  artifactKey: Guid(fedc944bc5b4f144c9cf55245e77c941) Importer(815301076,1909f56bfc062723c751e8b465ee728b)
Start importing Assets/Animations/palmas.controller using Guid(fedc944bc5b4f144c9cf55245e77c941) Importer(815301076,1909f56bfc062723c751e8b465ee728b)  -> (artifact id: 'af9f4bc21b75c0862f39e0a268b73b1a') in 0.188873 seconds 
========================================================================
Received Import Request.
  Time since last request: 33.801460 seconds.
  path: Assets/Models/cidade/cidade.prefab
  artifactKey: Guid(f1de97b68e0df3c4ea6c7cbf0f65df18) Importer(815301076,1909f56bfc062723c751e8b465ee728b)
Start importing Assets/Models/cidade/cidade.prefab using Guid(f1de97b68e0df3c4ea6c7cbf0f65df18) Importer(815301076,1909f56bfc062723c751e8b465ee728b)  -> (artifact id: 'adfdfe8f4d27e6efedbb59c5013c0303') in 0.323220 seconds 
========================================================================
Received Import Request.
  Time since last request: 0.000036 seconds.
  path: Assets/Models/cidade/TurbinaEolicaAnimacao.fbx
  artifactKey: Guid(853a7ac582ef46b4ebce088af9640296) Importer(815301076,1909f56bfc062723c751e8b465ee728b)
Start importing Assets/Models/cidade/TurbinaEolicaAnimacao.fbx using Guid(853a7ac582ef46b4ebce088af9640296) Importer(815301076,1909f56bfc062723c751e8b465ee728b)  -> (artifact id: '7922e91172002fafc8b05a6a528c96ba') in 0.172811 seconds 
========================================================================
Received Prepare
Registering precompiled user dll's ...
Registered in 0.011315 seconds.
Begin MonoManager ReloadAssembly
Symbol file LoadedFromMemory doesn't match image D:\GameDev\SantosPowerUp2025\Library\PackageCache\com.unity.visualscripting@1.7.8\Editor\VisualScripting.Core\Dependencies\YamlDotNet\Unity.VisualScripting.YamlDotNet.dll
Symbol file LoadedFromMemory doesn't match image D:\GameDev\SantosPowerUp2025\Library\PackageCache\com.unity.visualscripting@1.7.8\Editor\VisualScripting.Core\Dependencies\DotNetZip\Unity.VisualScripting.IonicZip.dll
Native extension for WindowsStandalone target not found
Native extension for Android target not found
Native extension for WebGL target not found
Refreshing native plugins compatible for Editor in 5.81 ms, found 3 plugins.
Preloading 0 native plugins for Editor in 0.00 ms.
Mono: successfully reloaded assembly
- Completed reload, in 16.030 seconds
Domain Reload Profiling:
	ReloadAssembly (16039ms)
		BeginReloadAssembly (2850ms)
			ExecutionOrderSort (0ms)
			DisableScriptedObjects (202ms)
			BackupInstance (0ms)
			ReleaseScriptingObjects (8ms)
			CreateAndSetChildDomain (1001ms)
		EndReloadAssembly (12198ms)
			LoadAssemblies (1864ms)
			RebuildTransferFunctionScriptingTraits (0ms)
			SetupTypeCache (3617ms)
			ReleaseScriptCaches (34ms)
			RebuildScriptCaches (874ms)
			SetupLoadedEditorAssemblies (5204ms)
				LogAssemblyErrors (0ms)
				InitializePlatformSupportModulesInManaged (272ms)
				SetLoadedEditorAssemblies (3ms)
				RefreshPlugins (6ms)
				BeforeProcessingInitializeOnLoad (922ms)
				ProcessInitializeOnLoadAttributes (2768ms)
				ProcessInitializeOnLoadMethodAttributes (1160ms)
				AfterProcessingInitializeOnLoad (73ms)
				EditorAssembliesLoaded (0ms)
			ExecutionOrderSort2 (0ms)
			AwakeInstancesAfterBackupRestoration (146ms)
Platform modules already initialized, skipping
Refreshing native plugins compatible for Editor in 368.24 ms, found 3 plugins.
Preloading 0 native plugins for Editor in 0.00 ms.
Unloading 5618 Unused Serialized files (Serialized files now loaded: 0)
Unloading 29 unused Assets / (1.1 MB). Loaded Objects now: 6375.
Memory consumption went from 241.8 MB to 240.7 MB.
Total: 65.392400 ms (FindLiveObjects: 1.066800 ms CreateObjectMapping: 2.170600 ms MarkObjects: 61.708000 ms  DeleteObjects: 0.445200 ms)

AssetImportParameters requested are different than current active one (requested -> active):
  custom:video-decoder-ogg-theora: a1e56fd34408186e4bbccfd4996cb3dc -> 
  custom:container-muxer-webm: aa71ff27fc2769a1b78a27578f13a17b -> 
  custom:container-demuxer-webm: 4f35f7cbe854078d1ac9338744f61a02 -> 
  custom:video-encoder-webm-vp8: eb34c28f22e8b96e1ab97ce403110664 -> 
  custom:audio-encoder-webm-vorbis: bf7c407c2cedff20999df2af8eb42d56 -> 
  custom:framework-win-MediaFoundation: 216162199b28c13a410421893ffa2e32 -> 
  custom:container-demuxer-ogg: 62fdf1f143b41e24485cea50d1cbac27 -> 
  custom:video-decoder-webm-vp8: 9c59270c3fd7afecdb556c50c9e8de78 -> 
  custom:audio-decoder-ogg-vorbis: bf7c407c2cedff20999df2af8eb42d56 -> 
========================================================================
Received Prepare
Registering precompiled user dll's ...
Registered in 0.025694 seconds.
Begin MonoManager ReloadAssembly
Symbol file LoadedFromMemory doesn't match image D:\GameDev\SantosPowerUp2025\Library\PackageCache\com.unity.visualscripting@1.7.8\Editor\VisualScripting.Core\Dependencies\YamlDotNet\Unity.VisualScripting.YamlDotNet.dll
Symbol file LoadedFromMemory doesn't match image D:\GameDev\SantosPowerUp2025\Library\PackageCache\com.unity.visualscripting@1.7.8\Editor\VisualScripting.Core\Dependencies\DotNetZip\Unity.VisualScripting.IonicZip.dll
Native extension for WindowsStandalone target not found
Native extension for Android target not found
Native extension for WebGL target not found
Refreshing native plugins compatible for Editor in 6.18 ms, found 3 plugins.
Preloading 0 native plugins for Editor in 0.00 ms.
Mono: successfully reloaded assembly
- Completed reload, in  7.333 seconds
Domain Reload Profiling:
	ReloadAssembly (7334ms)
		BeginReloadAssembly (819ms)
			ExecutionOrderSort (0ms)
			DisableScriptedObjects (71ms)
			BackupInstance (0ms)
			ReleaseScriptingObjects (0ms)
			CreateAndSetChildDomain (323ms)
		EndReloadAssembly (6046ms)
			LoadAssemblies (1133ms)
			RebuildTransferFunctionScriptingTraits (0ms)
			SetupTypeCache (1491ms)
			ReleaseScriptCaches (5ms)
			RebuildScriptCaches (336ms)
			SetupLoadedEditorAssemblies (2479ms)
				LogAssemblyErrors (0ms)
				InitializePlatformSupportModulesInManaged (145ms)
				SetLoadedEditorAssemblies (3ms)
				RefreshPlugins (7ms)
				BeforeProcessingInitializeOnLoad (571ms)
				ProcessInitializeOnLoadAttributes (1310ms)
				ProcessInitializeOnLoadMethodAttributes (416ms)
				AfterProcessingInitializeOnLoad (27ms)
				EditorAssembliesLoaded (0ms)
			ExecutionOrderSort2 (0ms)
			AwakeInstancesAfterBackupRestoration (84ms)
Platform modules already initialized, skipping
Refreshing native plugins compatible for Editor in 4.29 ms, found 3 plugins.
Preloading 0 native plugins for Editor in 0.00 ms.
Unloading 5618 Unused Serialized files (Serialized files now loaded: 0)
Unloading 28 unused Assets / (1.1 MB). Loaded Objects now: 6378.
Memory consumption went from 241.7 MB to 240.6 MB.
Total: 23.204400 ms (FindLiveObjects: 0.590000 ms CreateObjectMapping: 0.526900 ms MarkObjects: 20.732200 ms  DeleteObjects: 1.353300 ms)

AssetImportParameters requested are different than current active one (requested -> active):
  custom:video-decoder-ogg-theora: a1e56fd34408186e4bbccfd4996cb3dc -> 
  custom:container-muxer-webm: aa71ff27fc2769a1b78a27578f13a17b -> 
  custom:container-demuxer-webm: 4f35f7cbe854078d1ac9338744f61a02 -> 
  custom:video-encoder-webm-vp8: eb34c28f22e8b96e1ab97ce403110664 -> 
  custom:audio-encoder-webm-vorbis: bf7c407c2cedff20999df2af8eb42d56 -> 
  custom:framework-win-MediaFoundation: 216162199b28c13a410421893ffa2e32 -> 
  custom:container-demuxer-ogg: 62fdf1f143b41e24485cea50d1cbac27 -> 
  custom:video-decoder-webm-vp8: 9c59270c3fd7afecdb556c50c9e8de78 -> 
  custom:audio-decoder-ogg-vorbis: bf7c407c2cedff20999df2af8eb42d56 -> 
========================================================================
Received Prepare
Registering precompiled user dll's ...
Registered in 0.018020 seconds.
Begin MonoManager ReloadAssembly
Symbol file LoadedFromMemory doesn't match image D:\GameDev\SantosPowerUp2025\Library\PackageCache\com.unity.visualscripting@1.7.8\Editor\VisualScripting.Core\Dependencies\YamlDotNet\Unity.VisualScripting.YamlDotNet.dll
Symbol file LoadedFromMemory doesn't match image D:\GameDev\SantosPowerUp2025\Library\PackageCache\com.unity.visualscripting@1.7.8\Editor\VisualScripting.Core\Dependencies\DotNetZip\Unity.VisualScripting.IonicZip.dll
Native extension for WindowsStandalone target not found
Native extension for Android target not found
Native extension for WebGL target not found
Refreshing native plugins compatible for Editor in 1.56 ms, found 3 plugins.
Preloading 0 native plugins for Editor in 0.00 ms.
Mono: successfully reloaded assembly
- Completed reload, in 10.145 seconds
Domain Reload Profiling:
	ReloadAssembly (10146ms)
		BeginReloadAssembly (1430ms)
			ExecutionOrderSort (0ms)
			DisableScriptedObjects (67ms)
			BackupInstance (0ms)
			ReleaseScriptingObjects (0ms)
			CreateAndSetChildDomain (442ms)
		EndReloadAssembly (7644ms)
			LoadAssemblies (1221ms)
			RebuildTransferFunctionScriptingTraits (2ms)
			SetupTypeCache (3319ms)
			ReleaseScriptCaches (3ms)
			RebuildScriptCaches (518ms)
			SetupLoadedEditorAssemblies (2594ms)
				LogAssemblyErrors (0ms)
				InitializePlatformSupportModulesInManaged (142ms)
				SetLoadedEditorAssemblies (3ms)
				RefreshPlugins (2ms)
				BeforeProcessingInitializeOnLoad (513ms)
				ProcessInitializeOnLoadAttributes (1318ms)
				ProcessInitializeOnLoadMethodAttributes (562ms)
				AfterProcessingInitializeOnLoad (54ms)
				EditorAssembliesLoaded (0ms)
			ExecutionOrderSort2 (0ms)
			AwakeInstancesAfterBackupRestoration (67ms)
Platform modules already initialized, skipping
Refreshing native plugins compatible for Editor in 17.35 ms, found 3 plugins.
Preloading 0 native plugins for Editor in 0.00 ms.
Unloading 5618 Unused Serialized files (Serialized files now loaded: 0)
Unloading 28 unused Assets / (1.1 MB). Loaded Objects now: 6381.
Memory consumption went from 241.7 MB to 240.6 MB.
Total: 28.557000 ms (FindLiveObjects: 0.757500 ms CreateObjectMapping: 1.181900 ms MarkObjects: 24.898600 ms  DeleteObjects: 1.716500 ms)

AssetImportParameters requested are different than current active one (requested -> active):
  custom:video-decoder-ogg-theora: a1e56fd34408186e4bbccfd4996cb3dc -> 
  custom:container-muxer-webm: aa71ff27fc2769a1b78a27578f13a17b -> 
  custom:container-demuxer-webm: 4f35f7cbe854078d1ac9338744f61a02 -> 
  custom:video-encoder-webm-vp8: eb34c28f22e8b96e1ab97ce403110664 -> 
  custom:audio-encoder-webm-vorbis: bf7c407c2cedff20999df2af8eb42d56 -> 
  custom:framework-win-MediaFoundation: 216162199b28c13a410421893ffa2e32 -> 
  custom:container-demuxer-ogg: 62fdf1f143b41e24485cea50d1cbac27 -> 
  custom:video-decoder-webm-vp8: 9c59270c3fd7afecdb556c50c9e8de78 -> 
  custom:audio-decoder-ogg-vorbis: bf7c407c2cedff20999df2af8eb42d56 -> 
========================================================================
Received Prepare
Registering precompiled user dll's ...
Registered in 0.024133 seconds.
Begin MonoManager ReloadAssembly
Symbol file LoadedFromMemory doesn't match image D:\GameDev\SantosPowerUp2025\Library\PackageCache\com.unity.visualscripting@1.7.8\Editor\VisualScripting.Core\Dependencies\YamlDotNet\Unity.VisualScripting.YamlDotNet.dll
Symbol file LoadedFromMemory doesn't match image D:\GameDev\SantosPowerUp2025\Library\PackageCache\com.unity.visualscripting@1.7.8\Editor\VisualScripting.Core\Dependencies\DotNetZip\Unity.VisualScripting.IonicZip.dll
Native extension for WindowsStandalone target not found
Native extension for Android target not found
Native extension for WebGL target not found
Refreshing native plugins compatible for Editor in 7.41 ms, found 3 plugins.
Preloading 0 native plugins for Editor in 0.00 ms.
Mono: successfully reloaded assembly
- Completed reload, in 14.600 seconds
Domain Reload Profiling:
	ReloadAssembly (14614ms)
		BeginReloadAssembly (725ms)
			ExecutionOrderSort (0ms)
			DisableScriptedObjects (39ms)
			BackupInstance (0ms)
			ReleaseScriptingObjects (0ms)
			CreateAndSetChildDomain (210ms)
		EndReloadAssembly (13317ms)
			LoadAssemblies (617ms)
			RebuildTransferFunctionScriptingTraits (0ms)
			SetupTypeCache (7617ms)
			ReleaseScriptCaches (37ms)
			RebuildScriptCaches (1127ms)
			SetupLoadedEditorAssemblies (2937ms)
				LogAssemblyErrors (0ms)
				InitializePlatformSupportModulesInManaged (217ms)
				SetLoadedEditorAssemblies (18ms)
				RefreshPlugins (8ms)
				BeforeProcessingInitializeOnLoad (1045ms)
				ProcessInitializeOnLoadAttributes (1172ms)
				ProcessInitializeOnLoadMethodAttributes (418ms)
				AfterProcessingInitializeOnLoad (59ms)
				EditorAssembliesLoaded (0ms)
			ExecutionOrderSort2 (0ms)
			AwakeInstancesAfterBackupRestoration (73ms)
Platform modules already initialized, skipping
Refreshing native plugins compatible for Editor in 23.11 ms, found 3 plugins.
Preloading 0 native plugins for Editor in 0.00 ms.
Unloading 5618 Unused Serialized files (Serialized files now loaded: 0)
Unloading 28 unused Assets / (1.1 MB). Loaded Objects now: 6384.
Memory consumption went from 241.7 MB to 240.6 MB.
Total: 9.419700 ms (FindLiveObjects: 3.065000 ms CreateObjectMapping: 0.770400 ms MarkObjects: 5.108000 ms  DeleteObjects: 0.473400 ms)

AssetImportParameters requested are different than current active one (requested -> active):
  custom:video-decoder-ogg-theora: a1e56fd34408186e4bbccfd4996cb3dc -> 
  custom:container-muxer-webm: aa71ff27fc2769a1b78a27578f13a17b -> 
  custom:container-demuxer-webm: 4f35f7cbe854078d1ac9338744f61a02 -> 
  custom:video-encoder-webm-vp8: eb34c28f22e8b96e1ab97ce403110664 -> 
  custom:audio-encoder-webm-vorbis: bf7c407c2cedff20999df2af8eb42d56 -> 
  custom:framework-win-MediaFoundation: 216162199b28c13a410421893ffa2e32 -> 
  custom:container-demuxer-ogg: 62fdf1f143b41e24485cea50d1cbac27 -> 
  custom:video-decoder-webm-vp8: 9c59270c3fd7afecdb556c50c9e8de78 -> 
  custom:audio-decoder-ogg-vorbis: bf7c407c2cedff20999df2af8eb42d56 -> 
========================================================================
Received Prepare
Registering precompiled user dll's ...
Registered in 0.012725 seconds.
Begin MonoManager ReloadAssembly
Symbol file LoadedFromMemory doesn't match image D:\GameDev\SantosPowerUp2025\Library\PackageCache\com.unity.visualscripting@1.7.8\Editor\VisualScripting.Core\Dependencies\YamlDotNet\Unity.VisualScripting.YamlDotNet.dll
Symbol file LoadedFromMemory doesn't match image D:\GameDev\SantosPowerUp2025\Library\PackageCache\com.unity.visualscripting@1.7.8\Editor\VisualScripting.Core\Dependencies\DotNetZip\Unity.VisualScripting.IonicZip.dll
Native extension for WindowsStandalone target not found
Native extension for Android target not found
Native extension for WebGL target not found
Refreshing native plugins compatible for Editor in 2.14 ms, found 3 plugins.
Preloading 0 native plugins for Editor in 0.00 ms.
Mono: successfully reloaded assembly
- Completed reload, in 11.586 seconds
Domain Reload Profiling:
	ReloadAssembly (11588ms)
		BeginReloadAssembly (2740ms)
			ExecutionOrderSort (0ms)
			DisableScriptedObjects (166ms)
			BackupInstance (0ms)
			ReleaseScriptingObjects (0ms)
			CreateAndSetChildDomain (950ms)
		EndReloadAssembly (7256ms)
			LoadAssemblies (1436ms)
			RebuildTransferFunctionScriptingTraits (0ms)
			SetupTypeCache (3270ms)
			ReleaseScriptCaches (4ms)
			RebuildScriptCaches (244ms)
			SetupLoadedEditorAssemblies (2488ms)
				LogAssemblyErrors (0ms)
				InitializePlatformSupportModulesInManaged (135ms)
				SetLoadedEditorAssemblies (5ms)
				RefreshPlugins (2ms)
				BeforeProcessingInitializeOnLoad (654ms)
				ProcessInitializeOnLoadAttributes (1253ms)
				ProcessInitializeOnLoadMethodAttributes (407ms)
				AfterProcessingInitializeOnLoad (32ms)
				EditorAssembliesLoaded (0ms)
			ExecutionOrderSort2 (0ms)
			AwakeInstancesAfterBackupRestoration (44ms)
Platform modules already initialized, skipping
Refreshing native plugins compatible for Editor in 4.10 ms, found 3 plugins.
Preloading 0 native plugins for Editor in 0.00 ms.
Unloading 5618 Unused Serialized files (Serialized files now loaded: 0)
Unloading 28 unused Assets / (1.1 MB). Loaded Objects now: 6387.
Memory consumption went from 241.7 MB to 240.6 MB.
Total: 10.894500 ms (FindLiveObjects: 0.866900 ms CreateObjectMapping: 0.663800 ms MarkObjects: 8.922300 ms  DeleteObjects: 0.440000 ms)

AssetImportParameters requested are different than current active one (requested -> active):
  custom:video-decoder-ogg-theora: a1e56fd34408186e4bbccfd4996cb3dc -> 
  custom:container-muxer-webm: aa71ff27fc2769a1b78a27578f13a17b -> 
  custom:container-demuxer-webm: 4f35f7cbe854078d1ac9338744f61a02 -> 
  custom:video-encoder-webm-vp8: eb34c28f22e8b96e1ab97ce403110664 -> 
  custom:audio-encoder-webm-vorbis: bf7c407c2cedff20999df2af8eb42d56 -> 
  custom:framework-win-MediaFoundation: 216162199b28c13a410421893ffa2e32 -> 
  custom:container-demuxer-ogg: 62fdf1f143b41e24485cea50d1cbac27 -> 
  custom:video-decoder-webm-vp8: 9c59270c3fd7afecdb556c50c9e8de78 -> 
  custom:audio-decoder-ogg-vorbis: bf7c407c2cedff20999df2af8eb42d56 -> 
========================================================================
Received Prepare
Registering precompiled user dll's ...
Registered in 0.028020 seconds.
Begin MonoManager ReloadAssembly
Symbol file LoadedFromMemory doesn't match image D:\GameDev\SantosPowerUp2025\Library\PackageCache\com.unity.visualscripting@1.7.8\Editor\VisualScripting.Core\Dependencies\YamlDotNet\Unity.VisualScripting.YamlDotNet.dll
Symbol file LoadedFromMemory doesn't match image D:\GameDev\SantosPowerUp2025\Library\PackageCache\com.unity.visualscripting@1.7.8\Editor\VisualScripting.Core\Dependencies\DotNetZip\Unity.VisualScripting.IonicZip.dll
Native extension for WindowsStandalone target not found
Native extension for Android target not found
Native extension for WebGL target not found
Refreshing native plugins compatible for Editor in 1.37 ms, found 3 plugins.
Preloading 0 native plugins for Editor in 0.00 ms.
Mono: successfully reloaded assembly
- Completed reload, in  7.877 seconds
Domain Reload Profiling:
	ReloadAssembly (7879ms)
		BeginReloadAssembly (1560ms)
			ExecutionOrderSort (0ms)
			DisableScriptedObjects (75ms)
			BackupInstance (0ms)
			ReleaseScriptingObjects (0ms)
			CreateAndSetChildDomain (470ms)
		EndReloadAssembly (5266ms)
			LoadAssemblies (979ms)
			RebuildTransferFunctionScriptingTraits (0ms)
			SetupTypeCache (2640ms)
			ReleaseScriptCaches (6ms)
			RebuildScriptCaches (200ms)
			SetupLoadedEditorAssemblies (1770ms)
				LogAssemblyErrors (0ms)
				InitializePlatformSupportModulesInManaged (64ms)
				SetLoadedEditorAssemblies (1ms)
				RefreshPlugins (1ms)
				BeforeProcessingInitializeOnLoad (244ms)
				ProcessInitializeOnLoadAttributes (1042ms)
				ProcessInitializeOnLoadMethodAttributes (361ms)
				AfterProcessingInitializeOnLoad (56ms)
				EditorAssembliesLoaded (0ms)
			ExecutionOrderSort2 (0ms)
			AwakeInstancesAfterBackupRestoration (66ms)
Platform modules already initialized, skipping
Refreshing native plugins compatible for Editor in 15.42 ms, found 3 plugins.
Preloading 0 native plugins for Editor in 0.00 ms.
Unloading 5618 Unused Serialized files (Serialized files now loaded: 0)
Unloading 28 unused Assets / (1.1 MB). Loaded Objects now: 6390.
Memory consumption went from 241.7 MB to 240.6 MB.
Total: 19.040200 ms (FindLiveObjects: 0.634100 ms CreateObjectMapping: 1.758600 ms MarkObjects: 16.284200 ms  DeleteObjects: 0.361900 ms)

AssetImportParameters requested are different than current active one (requested -> active):
  custom:video-decoder-ogg-theora: a1e56fd34408186e4bbccfd4996cb3dc -> 
  custom:container-muxer-webm: aa71ff27fc2769a1b78a27578f13a17b -> 
  custom:container-demuxer-webm: 4f35f7cbe854078d1ac9338744f61a02 -> 
  custom:video-encoder-webm-vp8: eb34c28f22e8b96e1ab97ce403110664 -> 
  custom:audio-encoder-webm-vorbis: bf7c407c2cedff20999df2af8eb42d56 -> 
  custom:framework-win-MediaFoundation: 216162199b28c13a410421893ffa2e32 -> 
  custom:container-demuxer-ogg: 62fdf1f143b41e24485cea50d1cbac27 -> 
  custom:video-decoder-webm-vp8: 9c59270c3fd7afecdb556c50c9e8de78 -> 
  custom:audio-decoder-ogg-vorbis: bf7c407c2cedff20999df2af8eb42d56 -> 
========================================================================
Received Prepare
Registering precompiled user dll's ...
Registered in 0.020247 seconds.
Begin MonoManager ReloadAssembly
Symbol file LoadedFromMemory doesn't match image D:\GameDev\SantosPowerUp2025\Library\PackageCache\com.unity.visualscripting@1.7.8\Editor\VisualScripting.Core\Dependencies\YamlDotNet\Unity.VisualScripting.YamlDotNet.dll
Symbol file LoadedFromMemory doesn't match image D:\GameDev\SantosPowerUp2025\Library\PackageCache\com.unity.visualscripting@1.7.8\Editor\VisualScripting.Core\Dependencies\DotNetZip\Unity.VisualScripting.IonicZip.dll
Native extension for WindowsStandalone target not found
Native extension for Android target not found
Native extension for WebGL target not found
Refreshing native plugins compatible for Editor in 1.33 ms, found 3 plugins.
Preloading 0 native plugins for Editor in 0.00 ms.
Mono: successfully reloaded assembly
- Completed reload, in 15.529 seconds
Domain Reload Profiling:
	ReloadAssembly (15530ms)
		BeginReloadAssembly (3732ms)
			ExecutionOrderSort (0ms)
			DisableScriptedObjects (109ms)
			BackupInstance (0ms)
			ReleaseScriptingObjects (0ms)
			CreateAndSetChildDomain (1020ms)
		EndReloadAssembly (7100ms)
			LoadAssemblies (2326ms)
			RebuildTransferFunctionScriptingTraits (0ms)
			SetupTypeCache (3136ms)
			ReleaseScriptCaches (10ms)
			RebuildScriptCaches (348ms)
			SetupLoadedEditorAssemblies (2220ms)
				LogAssemblyErrors (0ms)
				InitializePlatformSupportModulesInManaged (128ms)
				SetLoadedEditorAssemblies (1ms)
				RefreshPlugins (1ms)
				BeforeProcessingInitializeOnLoad (421ms)
				ProcessInitializeOnLoadAttributes (1317ms)
				ProcessInitializeOnLoadMethodAttributes (338ms)
				AfterProcessingInitializeOnLoad (14ms)
				EditorAssembliesLoaded (0ms)
			ExecutionOrderSort2 (0ms)
			AwakeInstancesAfterBackupRestoration (36ms)
Platform modules already initialized, skipping
Refreshing native plugins compatible for Editor in 4.36 ms, found 3 plugins.
Preloading 0 native plugins for Editor in 0.00 ms.
Unloading 5618 Unused Serialized files (Serialized files now loaded: 0)
Unloading 28 unused Assets / (1.1 MB). Loaded Objects now: 6393.
Memory consumption went from 241.8 MB to 240.6 MB.
Total: 11.353900 ms (FindLiveObjects: 2.311100 ms CreateObjectMapping: 2.849300 ms MarkObjects: 4.628900 ms  DeleteObjects: 1.561400 ms)

AssetImportParameters requested are different than current active one (requested -> active):
  custom:video-decoder-ogg-theora: a1e56fd34408186e4bbccfd4996cb3dc -> 
  custom:container-muxer-webm: aa71ff27fc2769a1b78a27578f13a17b -> 
  custom:container-demuxer-webm: 4f35f7cbe854078d1ac9338744f61a02 -> 
  custom:video-encoder-webm-vp8: eb34c28f22e8b96e1ab97ce403110664 -> 
  custom:audio-encoder-webm-vorbis: bf7c407c2cedff20999df2af8eb42d56 -> 
  custom:framework-win-MediaFoundation: 216162199b28c13a410421893ffa2e32 -> 
  custom:container-demuxer-ogg: 62fdf1f143b41e24485cea50d1cbac27 -> 
  custom:video-decoder-webm-vp8: 9c59270c3fd7afecdb556c50c9e8de78 -> 
  custom:audio-decoder-ogg-vorbis: bf7c407c2cedff20999df2af8eb42d56 -> 
========================================================================
Received Import Request.
  Time since last request: 710.959224 seconds.
  path: Assets/SO Deals/investirEducacao.asset
  artifactKey: Guid(c029ded8ca285f6419300294fa986b44) Importer(815301076,1909f56bfc062723c751e8b465ee728b)
Start importing Assets/SO Deals/investirEducacao.asset using Guid(c029ded8ca285f6419300294fa986b44) Importer(815301076,1909f56bfc062723c751e8b465ee728b)  -> (artifact id: '21aa8aca1983eaf1f3e91db11b1ba67e') in 0.342297 seconds 
========================================================================
Received Import Request.
  Time since last request: 0.000040 seconds.
  path: Assets/SO Deals/Usina Nuclear.asset
  artifactKey: Guid(ce9258dff85129d4ebea7ca8e80150a5) Importer(815301076,1909f56bfc062723c751e8b465ee728b)
Start importing Assets/SO Deals/Usina Nuclear.asset using Guid(ce9258dff85129d4ebea7ca8e80150a5) Importer(815301076,1909f56bfc062723c751e8b465ee728b)  -> (artifact id: '28ca401bd3f9bba95ad4338c03d7f2b8') in 0.193638 seconds 
========================================================================
Received Import Request.
  Time since last request: 0.000187 seconds.
  path: Assets/SO Deals/Sair ONU.asset
  artifactKey: Guid(7e1e3df67df20df4d9f6ee96e388e1c9) Importer(815301076,1909f56bfc062723c751e8b465ee728b)
Start importing Assets/SO Deals/Sair ONU.asset using Guid(7e1e3df67df20df4d9f6ee96e388e1c9) Importer(815301076,1909f56bfc062723c751e8b465ee728b)  -> (artifact id: 'bfa40c60d0896c5f69291e24b4b2ba44') in 0.105367 seconds 
========================================================================
Received Import Request.
  Time since last request: 0.000039 seconds.
  path: Assets/SO Deals/Usina Nuclear Explode.asset
  artifactKey: Guid(cb696cd66511ec54cb54202dcd78ab81) Importer(815301076,1909f56bfc062723c751e8b465ee728b)
Start importing Assets/SO Deals/Usina Nuclear Explode.asset using Guid(cb696cd66511ec54cb54202dcd78ab81) Importer(815301076,1909f56bfc062723c751e8b465ee728b)  -> (artifact id: '6980f6be9190154484f41d8fa1663fff') in 0.069772 seconds 
========================================================================
Received Prepare
Registering precompiled user dll's ...
Registered in 0.026401 seconds.
Begin MonoManager ReloadAssembly
Symbol file LoadedFromMemory doesn't match image D:\GameDev\SantosPowerUp2025\Library\PackageCache\com.unity.visualscripting@1.7.8\Editor\VisualScripting.Core\Dependencies\YamlDotNet\Unity.VisualScripting.YamlDotNet.dll
Symbol file LoadedFromMemory doesn't match image D:\GameDev\SantosPowerUp2025\Library\PackageCache\com.unity.visualscripting@1.7.8\Editor\VisualScripting.Core\Dependencies\DotNetZip\Unity.VisualScripting.IonicZip.dll
Native extension for WindowsStandalone target not found
Native extension for Android target not found
Native extension for WebGL target not found
Refreshing native plugins compatible for Editor in 2.98 ms, found 3 plugins.
Preloading 0 native plugins for Editor in 0.00 ms.
Mono: successfully reloaded assembly
- Completed reload, in 17.553 seconds
Domain Reload Profiling:
	ReloadAssembly (17558ms)
		BeginReloadAssembly (1918ms)
			ExecutionOrderSort (0ms)
			DisableScriptedObjects (79ms)
			BackupInstance (0ms)
			ReleaseScriptingObjects (1ms)
			CreateAndSetChildDomain (542ms)
		EndReloadAssembly (14102ms)
			LoadAssemblies (1437ms)
			RebuildTransferFunctionScriptingTraits (0ms)
			SetupTypeCache (3901ms)
			ReleaseScriptCaches (13ms)
			RebuildScriptCaches (1478ms)
			SetupLoadedEditorAssemblies (6083ms)
				LogAssemblyErrors (0ms)
				InitializePlatformSupportModulesInManaged (267ms)
				SetLoadedEditorAssemblies (1ms)
				RefreshPlugins (3ms)
				BeforeProcessingInitializeOnLoad (932ms)
				ProcessInitializeOnLoadAttributes (3288ms)
				ProcessInitializeOnLoadMethodAttributes (1376ms)
				AfterProcessingInitializeOnLoad (215ms)
				EditorAssembliesLoaded (1ms)
			ExecutionOrderSort2 (0ms)
			AwakeInstancesAfterBackupRestoration (283ms)
Platform modules already initialized, skipping
Refreshing native plugins compatible for Editor in 63.14 ms, found 3 plugins.
Preloading 0 native plugins for Editor in 0.00 ms.
Unloading 5618 Unused Serialized files (Serialized files now loaded: 0)
Unloading 28 unused Assets / (1.1 MB). Loaded Objects now: 6396.
Memory consumption went from 241.8 MB to 240.7 MB.
Total: 120.627900 ms (FindLiveObjects: 0.900000 ms CreateObjectMapping: 2.109800 ms MarkObjects: 97.749300 ms  DeleteObjects: 19.867000 ms)

AssetImportParameters requested are different than current active one (requested -> active):
  custom:video-decoder-ogg-theora: a1e56fd34408186e4bbccfd4996cb3dc -> 
  custom:container-muxer-webm: aa71ff27fc2769a1b78a27578f13a17b -> 
  custom:container-demuxer-webm: 4f35f7cbe854078d1ac9338744f61a02 -> 
  custom:video-encoder-webm-vp8: eb34c28f22e8b96e1ab97ce403110664 -> 
  custom:audio-encoder-webm-vorbis: bf7c407c2cedff20999df2af8eb42d56 -> 
  custom:framework-win-MediaFoundation: 216162199b28c13a410421893ffa2e32 -> 
  custom:container-demuxer-ogg: 62fdf1f143b41e24485cea50d1cbac27 -> 
  custom:video-decoder-webm-vp8: 9c59270c3fd7afecdb556c50c9e8de78 -> 
  custom:audio-decoder-ogg-vorbis: bf7c407c2cedff20999df2af8eb42d56 -> 
========================================================================
Received Prepare
Refreshing native plugins compatible for Editor in 11.72 ms, found 3 plugins.
Preloading 0 native plugins for Editor in 0.00 ms.
Unloading 28 Unused Serialized files (Serialized files now loaded: 0)
Unloading 28 unused Assets / (1.1 MB). Loaded Objects now: 6396.
Memory consumption went from 129.4 MB to 128.3 MB.
Total: 5.259600 ms (FindLiveObjects: 0.633700 ms CreateObjectMapping: 0.545600 ms MarkObjects: 3.658600 ms  DeleteObjects: 0.419800 ms)

AssetImportParameters requested are different than current active one (requested -> active):
  custom:video-decoder-ogg-theora: a1e56fd34408186e4bbccfd4996cb3dc -> 
  custom:container-muxer-webm: aa71ff27fc2769a1b78a27578f13a17b -> 
  custom:container-demuxer-webm: 4f35f7cbe854078d1ac9338744f61a02 -> 
  custom:video-encoder-webm-vp8: eb34c28f22e8b96e1ab97ce403110664 -> 
  custom:audio-encoder-webm-vorbis: bf7c407c2cedff20999df2af8eb42d56 -> 
  custom:framework-win-MediaFoundation: 216162199b28c13a410421893ffa2e32 -> 
  custom:container-demuxer-ogg: 62fdf1f143b41e24485cea50d1cbac27 -> 
  custom:video-decoder-webm-vp8: 9c59270c3fd7afecdb556c50c9e8de78 -> 
  custom:audio-decoder-ogg-vorbis: bf7c407c2cedff20999df2af8eb42d56 -> 
========================================================================
Received Import Request.
  Time since last request: 391.441143 seconds.
  path: Assets/Scenes/Menu 1.unity
  artifactKey: Guid(9f409d8f97355e3418ebca2f68712a87) Importer(815301076,1909f56bfc062723c751e8b465ee728b)
Start importing Assets/Scenes/Menu 1.unity using Guid(9f409d8f97355e3418ebca2f68712a87) Importer(815301076,1909f56bfc062723c751e8b465ee728b)  -> (artifact id: '819c63cfcf18e64ad17d541945c6c153') in 0.116124 seconds 
========================================================================
Received Prepare
Registering precompiled user dll's ...
Registered in 0.013774 seconds.
Begin MonoManager ReloadAssembly
Symbol file LoadedFromMemory doesn't match image D:\GameDev\SantosPowerUp2025\Library\PackageCache\com.unity.visualscripting@1.7.8\Editor\VisualScripting.Core\Dependencies\YamlDotNet\Unity.VisualScripting.YamlDotNet.dll
Symbol file LoadedFromMemory doesn't match image D:\GameDev\SantosPowerUp2025\Library\PackageCache\com.unity.visualscripting@1.7.8\Editor\VisualScripting.Core\Dependencies\DotNetZip\Unity.VisualScripting.IonicZip.dll
Native extension for WindowsStandalone target not found
Native extension for Android target not found
Native extension for WebGL target not found
Refreshing native plugins compatible for Editor in 1.87 ms, found 3 plugins.
Preloading 0 native plugins for Editor in 0.00 ms.
Mono: successfully reloaded assembly
- Completed reload, in  3.147 seconds
Domain Reload Profiling:
	ReloadAssembly (3148ms)
		BeginReloadAssembly (215ms)
			ExecutionOrderSort (0ms)
			DisableScriptedObjects (13ms)
			BackupInstance (0ms)
			ReleaseScriptingObjects (0ms)
			CreateAndSetChildDomain (61ms)
		EndReloadAssembly (2780ms)
			LoadAssemblies (205ms)
			RebuildTransferFunctionScriptingTraits (0ms)
			SetupTypeCache (529ms)
			ReleaseScriptCaches (13ms)
			RebuildScriptCaches (136ms)
			SetupLoadedEditorAssemblies (1081ms)
				LogAssemblyErrors (0ms)
				InitializePlatformSupportModulesInManaged (50ms)
				SetLoadedEditorAssemblies (2ms)
				RefreshPlugins (2ms)
				BeforeProcessingInitializeOnLoad (192ms)
				ProcessInitializeOnLoadAttributes (644ms)
				ProcessInitializeOnLoadMethodAttributes (180ms)
				AfterProcessingInitializeOnLoad (11ms)
				EditorAssembliesLoaded (0ms)
			ExecutionOrderSort2 (0ms)
			AwakeInstancesAfterBackupRestoration (29ms)
Platform modules already initialized, skipping
Refreshing native plugins compatible for Editor in 10.27 ms, found 3 plugins.
Preloading 0 native plugins for Editor in 0.00 ms.
Unloading 5618 Unused Serialized files (Serialized files now loaded: 0)
Unloading 28 unused Assets / (1.1 MB). Loaded Objects now: 6399.
Memory consumption went from 241.8 MB to 240.7 MB.
Total: 6.462400 ms (FindLiveObjects: 1.159100 ms CreateObjectMapping: 1.213400 ms MarkObjects: 3.766700 ms  DeleteObjects: 0.320000 ms)

AssetImportParameters requested are different than current active one (requested -> active):
  custom:video-decoder-ogg-theora: a1e56fd34408186e4bbccfd4996cb3dc -> 
  custom:container-muxer-webm: aa71ff27fc2769a1b78a27578f13a17b -> 
  custom:container-demuxer-webm: 4f35f7cbe854078d1ac9338744f61a02 -> 
  custom:video-encoder-webm-vp8: eb34c28f22e8b96e1ab97ce403110664 -> 
  custom:audio-encoder-webm-vorbis: bf7c407c2cedff20999df2af8eb42d56 -> 
  custom:framework-win-MediaFoundation: 216162199b28c13a410421893ffa2e32 -> 
  custom:container-demuxer-ogg: 62fdf1f143b41e24485cea50d1cbac27 -> 
  custom:video-decoder-webm-vp8: 9c59270c3fd7afecdb556c50c9e8de78 -> 
  custom:audio-decoder-ogg-vorbis: bf7c407c2cedff20999df2af8eb42d56 -> 
========================================================================
Received Prepare
Registering precompiled user dll's ...
Registered in 0.010636 seconds.
Begin MonoManager ReloadAssembly
Symbol file LoadedFromMemory doesn't match image D:\GameDev\SantosPowerUp2025\Library\PackageCache\com.unity.visualscripting@1.7.8\Editor\VisualScripting.Core\Dependencies\YamlDotNet\Unity.VisualScripting.YamlDotNet.dll
Symbol file LoadedFromMemory doesn't match image D:\GameDev\SantosPowerUp2025\Library\PackageCache\com.unity.visualscripting@1.7.8\Editor\VisualScripting.Core\Dependencies\DotNetZip\Unity.VisualScripting.IonicZip.dll
Native extension for WindowsStandalone target not found
Native extension for Android target not found
Native extension for WebGL target not found
Refreshing native plugins compatible for Editor in 1.65 ms, found 3 plugins.
Preloading 0 native plugins for Editor in 0.00 ms.
Mono: successfully reloaded assembly
- Completed reload, in  4.778 seconds
Domain Reload Profiling:
	ReloadAssembly (4781ms)
		BeginReloadAssembly (525ms)
			ExecutionOrderSort (0ms)
			DisableScriptedObjects (19ms)
			BackupInstance (0ms)
			ReleaseScriptingObjects (0ms)
			CreateAndSetChildDomain (205ms)
		EndReloadAssembly (3787ms)
			LoadAssemblies (356ms)
			RebuildTransferFunctionScriptingTraits (0ms)
			SetupTypeCache (1224ms)
			ReleaseScriptCaches (5ms)
			RebuildScriptCaches (203ms)
			SetupLoadedEditorAssemblies (1644ms)
				LogAssemblyErrors (0ms)
				InitializePlatformSupportModulesInManaged (68ms)
				SetLoadedEditorAssemblies (1ms)
				RefreshPlugins (2ms)
				BeforeProcessingInitializeOnLoad (380ms)
				ProcessInitializeOnLoadAttributes (829ms)
				ProcessInitializeOnLoadMethodAttributes (300ms)
				AfterProcessingInitializeOnLoad (64ms)
				EditorAssembliesLoaded (0ms)
			ExecutionOrderSort2 (0ms)
			AwakeInstancesAfterBackupRestoration (43ms)
Platform modules already initialized, skipping
Refreshing native plugins compatible for Editor in 2.91 ms, found 3 plugins.
Preloading 0 native plugins for Editor in 0.00 ms.
Unloading 5618 Unused Serialized files (Serialized files now loaded: 0)
Unloading 28 unused Assets / (1.1 MB). Loaded Objects now: 6402.
Memory consumption went from 241.8 MB to 240.7 MB.
Total: 5.494500 ms (FindLiveObjects: 0.908400 ms CreateObjectMapping: 0.777900 ms MarkObjects: 3.485900 ms  DeleteObjects: 0.320500 ms)

AssetImportParameters requested are different than current active one (requested -> active):
  custom:video-decoder-ogg-theora: a1e56fd34408186e4bbccfd4996cb3dc -> 
  custom:container-muxer-webm: aa71ff27fc2769a1b78a27578f13a17b -> 
  custom:container-demuxer-webm: 4f35f7cbe854078d1ac9338744f61a02 -> 
  custom:video-encoder-webm-vp8: eb34c28f22e8b96e1ab97ce403110664 -> 
  custom:audio-encoder-webm-vorbis: bf7c407c2cedff20999df2af8eb42d56 -> 
  custom:framework-win-MediaFoundation: 216162199b28c13a410421893ffa2e32 -> 
  custom:container-demuxer-ogg: 62fdf1f143b41e24485cea50d1cbac27 -> 
  custom:video-decoder-webm-vp8: 9c59270c3fd7afecdb556c50c9e8de78 -> 
  custom:audio-decoder-ogg-vorbis: bf7c407c2cedff20999df2af8eb42d56 -> 
========================================================================
Received Import Request.
  Time since last request: 270.705215 seconds.
  path: Assets/Scenes/SampleScene.unity
  artifactKey: Guid(9fc0d4010bbf28b4594072e72b8655ab) Importer(815301076,1909f56bfc062723c751e8b465ee728b)
Start importing Assets/Scenes/SampleScene.unity using Guid(9fc0d4010bbf28b4594072e72b8655ab) Importer(815301076,1909f56bfc062723c751e8b465ee728b)  -> (artifact id: '9cbdba38c31c23f418e092ba8963513a') in 0.026438 seconds 
========================================================================
Received Prepare
Registering precompiled user dll's ...
Registered in 0.029749 seconds.
Begin MonoManager ReloadAssembly
Symbol file LoadedFromMemory doesn't match image D:\GameDev\SantosPowerUp2025\Library\PackageCache\com.unity.visualscripting@1.7.8\Editor\VisualScripting.Core\Dependencies\YamlDotNet\Unity.VisualScripting.YamlDotNet.dll
Symbol file LoadedFromMemory doesn't match image D:\GameDev\SantosPowerUp2025\Library\PackageCache\com.unity.visualscripting@1.7.8\Editor\VisualScripting.Core\Dependencies\DotNetZip\Unity.VisualScripting.IonicZip.dll
Native extension for WindowsStandalone target not found
Native extension for Android target not found
Native extension for WebGL target not found
Refreshing native plugins compatible for Editor in 14.38 ms, found 3 plugins.
Preloading 0 native plugins for Editor in 0.00 ms.
Mono: successfully reloaded assembly
- Completed reload, in 12.063 seconds
Domain Reload Profiling:
	ReloadAssembly (12065ms)
		BeginReloadAssembly (957ms)
			ExecutionOrderSort (0ms)
			DisableScriptedObjects (39ms)
			BackupInstance (0ms)
			ReleaseScriptingObjects (0ms)
			CreateAndSetChildDomain (319ms)
		EndReloadAssembly (9948ms)
			LoadAssemblies (989ms)
			RebuildTransferFunctionScriptingTraits (0ms)
			SetupTypeCache (2853ms)
			ReleaseScriptCaches (10ms)
			RebuildScriptCaches (565ms)
			SetupLoadedEditorAssemblies (3799ms)
				LogAssemblyErrors (0ms)
				InitializePlatformSupportModulesInManaged (144ms)
				SetLoadedEditorAssemblies (2ms)
				RefreshPlugins (18ms)
				BeforeProcessingInitializeOnLoad (638ms)
				ProcessInitializeOnLoadAttributes (2330ms)
				ProcessInitializeOnLoadMethodAttributes (626ms)
				AfterProcessingInitializeOnLoad (42ms)
				EditorAssembliesLoaded (0ms)
			ExecutionOrderSort2 (0ms)
			AwakeInstancesAfterBackupRestoration (77ms)
Platform modules already initialized, skipping
Refreshing native plugins compatible for Editor in 26.23 ms, found 3 plugins.
Preloading 0 native plugins for Editor in 0.00 ms.
Unloading 5618 Unused Serialized files (Serialized files now loaded: 0)
Unloading 28 unused Assets / (1.1 MB). Loaded Objects now: 6405.
Memory consumption went from 241.8 MB to 240.7 MB.
Total: 8.699200 ms (FindLiveObjects: 0.637500 ms CreateObjectMapping: 0.841700 ms MarkObjects: 6.610300 ms  DeleteObjects: 0.608300 ms)

AssetImportParameters requested are different than current active one (requested -> active):
  custom:video-decoder-ogg-theora: a1e56fd34408186e4bbccfd4996cb3dc -> 
  custom:container-muxer-webm: aa71ff27fc2769a1b78a27578f13a17b -> 
  custom:container-demuxer-webm: 4f35f7cbe854078d1ac9338744f61a02 -> 
  custom:video-encoder-webm-vp8: eb34c28f22e8b96e1ab97ce403110664 -> 
  custom:audio-encoder-webm-vorbis: bf7c407c2cedff20999df2af8eb42d56 -> 
  custom:framework-win-MediaFoundation: 216162199b28c13a410421893ffa2e32 -> 
  custom:container-demuxer-ogg: 62fdf1f143b41e24485cea50d1cbac27 -> 
  custom:video-decoder-webm-vp8: 9c59270c3fd7afecdb556c50c9e8de78 -> 
  custom:audio-decoder-ogg-vorbis: bf7c407c2cedff20999df2af8eb42d56 -> 
========================================================================
Received Prepare
Registering precompiled user dll's ...
Registered in 0.031898 seconds.
Begin MonoManager ReloadAssembly
Symbol file LoadedFromMemory doesn't match image D:\GameDev\SantosPowerUp2025\Library\PackageCache\com.unity.visualscripting@1.7.8\Editor\VisualScripting.Core\Dependencies\YamlDotNet\Unity.VisualScripting.YamlDotNet.dll
Symbol file LoadedFromMemory doesn't match image D:\GameDev\SantosPowerUp2025\Library\PackageCache\com.unity.visualscripting@1.7.8\Editor\VisualScripting.Core\Dependencies\DotNetZip\Unity.VisualScripting.IonicZip.dll
Native extension for WindowsStandalone target not found
Native extension for Android target not found
Native extension for WebGL target not found
Refreshing native plugins compatible for Editor in 6.76 ms, found 3 plugins.
Preloading 0 native plugins for Editor in 0.00 ms.
Mono: successfully reloaded assembly
- Completed reload, in  4.186 seconds
Domain Reload Profiling:
	ReloadAssembly (4187ms)
		BeginReloadAssembly (365ms)
			ExecutionOrderSort (0ms)
			DisableScriptedObjects (10ms)
			BackupInstance (0ms)
			ReleaseScriptingObjects (0ms)
			CreateAndSetChildDomain (175ms)
		EndReloadAssembly (3522ms)
			LoadAssemblies (227ms)
			RebuildTransferFunctionScriptingTraits (0ms)
			SetupTypeCache (844ms)
			ReleaseScriptCaches (3ms)
			RebuildScriptCaches (155ms)
			SetupLoadedEditorAssemblies (2088ms)
				LogAssemblyErrors (0ms)
				InitializePlatformSupportModulesInManaged (137ms)
				SetLoadedEditorAssemblies (8ms)
				RefreshPlugins (12ms)
				BeforeProcessingInitializeOnLoad (978ms)
				ProcessInitializeOnLoadAttributes (708ms)
				ProcessInitializeOnLoadMethodAttributes (228ms)
				AfterProcessingInitializeOnLoad (17ms)
				EditorAssembliesLoaded (0ms)
			ExecutionOrderSort2 (0ms)
			AwakeInstancesAfterBackupRestoration (21ms)
Platform modules already initialized, skipping
Refreshing native plugins compatible for Editor in 3.62 ms, found 3 plugins.
Preloading 0 native plugins for Editor in 0.00 ms.
Unloading 5618 Unused Serialized files (Serialized files now loaded: 0)
Unloading 28 unused Assets / (1.1 MB). Loaded Objects now: 6408.
Memory consumption went from 241.8 MB to 240.7 MB.
Total: 6.310800 ms (FindLiveObjects: 0.752900 ms CreateObjectMapping: 0.726500 ms MarkObjects: 4.442700 ms  DeleteObjects: 0.386900 ms)

AssetImportParameters requested are different than current active one (requested -> active):
  custom:video-decoder-ogg-theora: a1e56fd34408186e4bbccfd4996cb3dc -> 
  custom:container-muxer-webm: aa71ff27fc2769a1b78a27578f13a17b -> 
  custom:container-demuxer-webm: 4f35f7cbe854078d1ac9338744f61a02 -> 
  custom:video-encoder-webm-vp8: eb34c28f22e8b96e1ab97ce403110664 -> 
  custom:audio-encoder-webm-vorbis: bf7c407c2cedff20999df2af8eb42d56 -> 
  custom:framework-win-MediaFoundation: 216162199b28c13a410421893ffa2e32 -> 
  custom:container-demuxer-ogg: 62fdf1f143b41e24485cea50d1cbac27 -> 
  custom:video-decoder-webm-vp8: 9c59270c3fd7afecdb556c50c9e8de78 -> 
  custom:audio-decoder-ogg-vorbis: bf7c407c2cedff20999df2af8eb42d56 -> 
========================================================================
Received Prepare
Registering precompiled user dll's ...
Registered in 0.014016 seconds.
Begin MonoManager ReloadAssembly
Symbol file LoadedFromMemory doesn't match image D:\GameDev\SantosPowerUp2025\Library\PackageCache\com.unity.visualscripting@1.7.8\Editor\VisualScripting.Core\Dependencies\YamlDotNet\Unity.VisualScripting.YamlDotNet.dll
Symbol file LoadedFromMemory doesn't match image D:\GameDev\SantosPowerUp2025\Library\PackageCache\com.unity.visualscripting@1.7.8\Editor\VisualScripting.Core\Dependencies\DotNetZip\Unity.VisualScripting.IonicZip.dll
Native extension for WindowsStandalone target not found
Native extension for Android target not found
Native extension for WebGL target not found
Refreshing native plugins compatible for Editor in 1.46 ms, found 3 plugins.
Preloading 0 native plugins for Editor in 0.00 ms.
Mono: successfully reloaded assembly
- Completed reload, in  4.191 seconds
Domain Reload Profiling:
	ReloadAssembly (4194ms)
		BeginReloadAssembly (527ms)
			ExecutionOrderSort (0ms)
			DisableScriptedObjects (38ms)
			BackupInstance (0ms)
			ReleaseScriptingObjects (0ms)
			CreateAndSetChildDomain (110ms)
		EndReloadAssembly (3271ms)
			LoadAssemblies (481ms)
			RebuildTransferFunctionScriptingTraits (0ms)
			SetupTypeCache (1190ms)
			ReleaseScriptCaches (3ms)
			RebuildScriptCaches (285ms)
			SetupLoadedEditorAssemblies (1231ms)
				LogAssemblyErrors (0ms)
				InitializePlatformSupportModulesInManaged (55ms)
				SetLoadedEditorAssemblies (1ms)
				RefreshPlugins (2ms)
				BeforeProcessingInitializeOnLoad (283ms)
				ProcessInitializeOnLoadAttributes (683ms)
				ProcessInitializeOnLoadMethodAttributes (191ms)
				AfterProcessingInitializeOnLoad (16ms)
				EditorAssembliesLoaded (0ms)
			ExecutionOrderSort2 (0ms)
			AwakeInstancesAfterBackupRestoration (21ms)
Platform modules already initialized, skipping
Refreshing native plugins compatible for Editor in 4.14 ms, found 3 plugins.
Preloading 0 native plugins for Editor in 0.00 ms.
Unloading 5618 Unused Serialized files (Serialized files now loaded: 0)
Unloading 28 unused Assets / (1.1 MB). Loaded Objects now: 6411.
Memory consumption went from 241.8 MB to 240.7 MB.
Total: 16.891000 ms (FindLiveObjects: 5.397700 ms CreateObjectMapping: 0.869800 ms MarkObjects: 9.869000 ms  DeleteObjects: 0.753200 ms)

AssetImportParameters requested are different than current active one (requested -> active):
  custom:video-decoder-ogg-theora: a1e56fd34408186e4bbccfd4996cb3dc -> 
  custom:container-muxer-webm: aa71ff27fc2769a1b78a27578f13a17b -> 
  custom:container-demuxer-webm: 4f35f7cbe854078d1ac9338744f61a02 -> 
  custom:video-encoder-webm-vp8: eb34c28f22e8b96e1ab97ce403110664 -> 
  custom:audio-encoder-webm-vorbis: bf7c407c2cedff20999df2af8eb42d56 -> 
  custom:framework-win-MediaFoundation: 216162199b28c13a410421893ffa2e32 -> 
  custom:container-demuxer-ogg: 62fdf1f143b41e24485cea50d1cbac27 -> 
  custom:video-decoder-webm-vp8: 9c59270c3fd7afecdb556c50c9e8de78 -> 
  custom:audio-decoder-ogg-vorbis: bf7c407c2cedff20999df2af8eb42d56 -> 
========================================================================
Received Prepare
Registering precompiled user dll's ...
Registered in 0.009957 seconds.
Begin MonoManager ReloadAssembly
Symbol file LoadedFromMemory doesn't match image D:\GameDev\SantosPowerUp2025\Library\PackageCache\com.unity.visualscripting@1.7.8\Editor\VisualScripting.Core\Dependencies\YamlDotNet\Unity.VisualScripting.YamlDotNet.dll
Symbol file LoadedFromMemory doesn't match image D:\GameDev\SantosPowerUp2025\Library\PackageCache\com.unity.visualscripting@1.7.8\Editor\VisualScripting.Core\Dependencies\DotNetZip\Unity.VisualScripting.IonicZip.dll
Native extension for WindowsStandalone target not found
Native extension for Android target not found
Native extension for WebGL target not found
Refreshing native plugins compatible for Editor in 1.03 ms, found 3 plugins.
Preloading 0 native plugins for Editor in 0.00 ms.
Mono: successfully reloaded assembly
- Completed reload, in  2.523 seconds
Domain Reload Profiling:
	ReloadAssembly (2524ms)
		BeginReloadAssembly (221ms)
			ExecutionOrderSort (0ms)
			DisableScriptedObjects (9ms)
			BackupInstance (0ms)
			ReleaseScriptingObjects (0ms)
			CreateAndSetChildDomain (68ms)
		EndReloadAssembly (2133ms)
			LoadAssemblies (166ms)
			RebuildTransferFunctionScriptingTraits (0ms)
			SetupTypeCache (635ms)
			ReleaseScriptCaches (3ms)
			RebuildScriptCaches (157ms)
			SetupLoadedEditorAssemblies (1033ms)
				LogAssemblyErrors (0ms)
				InitializePlatformSupportModulesInManaged (41ms)
				SetLoadedEditorAssemblies (1ms)
				RefreshPlugins (1ms)
				BeforeProcessingInitializeOnLoad (192ms)
				ProcessInitializeOnLoadAttributes (477ms)
				ProcessInitializeOnLoadMethodAttributes (305ms)
				AfterProcessingInitializeOnLoad (16ms)
				EditorAssembliesLoaded (0ms)
			ExecutionOrderSort2 (0ms)
			AwakeInstancesAfterBackupRestoration (26ms)
Platform modules already initialized, skipping
Refreshing native plugins compatible for Editor in 8.92 ms, found 3 plugins.
Preloading 0 native plugins for Editor in 0.00 ms.
Unloading 5618 Unused Serialized files (Serialized files now loaded: 0)
Unloading 28 unused Assets / (1.1 MB). Loaded Objects now: 6414.
Memory consumption went from 241.8 MB to 240.7 MB.
Total: 6.456900 ms (FindLiveObjects: 0.788100 ms CreateObjectMapping: 0.654000 ms MarkObjects: 4.640700 ms  DeleteObjects: 0.372500 ms)

AssetImportParameters requested are different than current active one (requested -> active):
  custom:video-decoder-ogg-theora: a1e56fd34408186e4bbccfd4996cb3dc -> 
  custom:container-muxer-webm: aa71ff27fc2769a1b78a27578f13a17b -> 
  custom:container-demuxer-webm: 4f35f7cbe854078d1ac9338744f61a02 -> 
  custom:video-encoder-webm-vp8: eb34c28f22e8b96e1ab97ce403110664 -> 
  custom:audio-encoder-webm-vorbis: bf7c407c2cedff20999df2af8eb42d56 -> 
  custom:framework-win-MediaFoundation: 216162199b28c13a410421893ffa2e32 -> 
  custom:container-demuxer-ogg: 62fdf1f143b41e24485cea50d1cbac27 -> 
  custom:video-decoder-webm-vp8: 9c59270c3fd7afecdb556c50c9e8de78 -> 
  custom:audio-decoder-ogg-vorbis: bf7c407c2cedff20999df2af8eb42d56 -> 
========================================================================
Received Prepare
Registering precompiled user dll's ...
Registered in 0.010630 seconds.
Begin MonoManager ReloadAssembly
Symbol file LoadedFromMemory doesn't match image D:\GameDev\SantosPowerUp2025\Library\PackageCache\com.unity.visualscripting@1.7.8\Editor\VisualScripting.Core\Dependencies\YamlDotNet\Unity.VisualScripting.YamlDotNet.dll
Symbol file LoadedFromMemory doesn't match image D:\GameDev\SantosPowerUp2025\Library\PackageCache\com.unity.visualscripting@1.7.8\Editor\VisualScripting.Core\Dependencies\DotNetZip\Unity.VisualScripting.IonicZip.dll
Native extension for WindowsStandalone target not found
Native extension for Android target not found
Native extension for WebGL target not found
Refreshing native plugins compatible for Editor in 2.11 ms, found 3 plugins.
Preloading 0 native plugins for Editor in 0.00 ms.
Mono: successfully reloaded assembly
- Completed reload, in  4.220 seconds
Domain Reload Profiling:
	ReloadAssembly (4223ms)
		BeginReloadAssembly (408ms)
			ExecutionOrderSort (0ms)
			DisableScriptedObjects (8ms)
			BackupInstance (0ms)
			ReleaseScriptingObjects (0ms)
			CreateAndSetChildDomain (100ms)
		EndReloadAssembly (3498ms)
			LoadAssemblies (349ms)
			RebuildTransferFunctionScriptingTraits (0ms)
			SetupTypeCache (968ms)
			ReleaseScriptCaches (3ms)
			RebuildScriptCaches (136ms)
			SetupLoadedEditorAssemblies (1878ms)
				LogAssemblyErrors (0ms)
				InitializePlatformSupportModulesInManaged (60ms)
				SetLoadedEditorAssemblies (1ms)
				RefreshPlugins (3ms)
				BeforeProcessingInitializeOnLoad (477ms)
				ProcessInitializeOnLoadAttributes (993ms)
				ProcessInitializeOnLoadMethodAttributes (322ms)
				AfterProcessingInitializeOnLoad (22ms)
				EditorAssembliesLoaded (0ms)
			ExecutionOrderSort2 (0ms)
			AwakeInstancesAfterBackupRestoration (41ms)
Platform modules already initialized, skipping
Refreshing native plugins compatible for Editor in 3.46 ms, found 3 plugins.
Preloading 0 native plugins for Editor in 0.00 ms.
Unloading 5618 Unused Serialized files (Serialized files now loaded: 0)
Unloading 28 unused Assets / (1.1 MB). Loaded Objects now: 6417.
Memory consumption went from 241.8 MB to 240.7 MB.
Total: 40.486200 ms (FindLiveObjects: 0.608400 ms CreateObjectMapping: 0.554700 ms MarkObjects: 38.851000 ms  DeleteObjects: 0.470600 ms)

AssetImportParameters requested are different than current active one (requested -> active):
  custom:video-decoder-ogg-theora: a1e56fd34408186e4bbccfd4996cb3dc -> 
  custom:container-muxer-webm: aa71ff27fc2769a1b78a27578f13a17b -> 
  custom:container-demuxer-webm: 4f35f7cbe854078d1ac9338744f61a02 -> 
  custom:video-encoder-webm-vp8: eb34c28f22e8b96e1ab97ce403110664 -> 
  custom:audio-encoder-webm-vorbis: bf7c407c2cedff20999df2af8eb42d56 -> 
  custom:framework-win-MediaFoundation: 216162199b28c13a410421893ffa2e32 -> 
  custom:container-demuxer-ogg: 62fdf1f143b41e24485cea50d1cbac27 -> 
  custom:video-decoder-webm-vp8: 9c59270c3fd7afecdb556c50c9e8de78 -> 
  custom:audio-decoder-ogg-vorbis: bf7c407c2cedff20999df2af8eb42d56 -> 
========================================================================
Received Prepare
Registering precompiled user dll's ...
Registered in 0.029020 seconds.
Begin MonoManager ReloadAssembly
Symbol file LoadedFromMemory doesn't match image D:\GameDev\SantosPowerUp2025\Library\PackageCache\com.unity.visualscripting@1.7.8\Editor\VisualScripting.Core\Dependencies\YamlDotNet\Unity.VisualScripting.YamlDotNet.dll
Symbol file LoadedFromMemory doesn't match image D:\GameDev\SantosPowerUp2025\Library\PackageCache\com.unity.visualscripting@1.7.8\Editor\VisualScripting.Core\Dependencies\DotNetZip\Unity.VisualScripting.IonicZip.dll
Native extension for WindowsStandalone target not found
Native extension for Android target not found
Native extension for WebGL target not found
Refreshing native plugins compatible for Editor in 1.31 ms, found 3 plugins.
Preloading 0 native plugins for Editor in 0.00 ms.
Mono: successfully reloaded assembly
- Completed reload, in  6.879 seconds
Domain Reload Profiling:
	ReloadAssembly (6884ms)
		BeginReloadAssembly (635ms)
			ExecutionOrderSort (0ms)
			DisableScriptedObjects (33ms)
			BackupInstance (0ms)
			ReleaseScriptingObjects (0ms)
			CreateAndSetChildDomain (142ms)
		EndReloadAssembly (5412ms)
			LoadAssemblies (557ms)
			RebuildTransferFunctionScriptingTraits (6ms)
			SetupTypeCache (2757ms)
			ReleaseScriptCaches (3ms)
			RebuildScriptCaches (297ms)
			SetupLoadedEditorAssemblies (1061ms)
				LogAssemblyErrors (0ms)
				InitializePlatformSupportModulesInManaged (47ms)
				SetLoadedEditorAssemblies (1ms)
				RefreshPlugins (1ms)
				BeforeProcessingInitializeOnLoad (213ms)
				ProcessInitializeOnLoadAttributes (535ms)
				ProcessInitializeOnLoadMethodAttributes (247ms)
				AfterProcessingInitializeOnLoad (16ms)
				EditorAssembliesLoaded (0ms)
			ExecutionOrderSort2 (0ms)
			AwakeInstancesAfterBackupRestoration (34ms)
Platform modules already initialized, skipping
Refreshing native plugins compatible for Editor in 56.58 ms, found 3 plugins.
Preloading 0 native plugins for Editor in 0.00 ms.
Unloading 5618 Unused Serialized files (Serialized files now loaded: 0)
Unloading 28 unused Assets / (1.1 MB). Loaded Objects now: 6420.
Memory consumption went from 241.9 MB to 240.7 MB.
Total: 7.379400 ms (FindLiveObjects: 0.641100 ms CreateObjectMapping: 0.584100 ms MarkObjects: 5.445500 ms  DeleteObjects: 0.706800 ms)

AssetImportParameters requested are different than current active one (requested -> active):
  custom:video-decoder-ogg-theora: a1e56fd34408186e4bbccfd4996cb3dc -> 
  custom:container-muxer-webm: aa71ff27fc2769a1b78a27578f13a17b -> 
  custom:container-demuxer-webm: 4f35f7cbe854078d1ac9338744f61a02 -> 
  custom:video-encoder-webm-vp8: eb34c28f22e8b96e1ab97ce403110664 -> 
  custom:audio-encoder-webm-vorbis: bf7c407c2cedff20999df2af8eb42d56 -> 
  custom:framework-win-MediaFoundation: 216162199b28c13a410421893ffa2e32 -> 
  custom:container-demuxer-ogg: 62fdf1f143b41e24485cea50d1cbac27 -> 
  custom:video-decoder-webm-vp8: 9c59270c3fd7afecdb556c50c9e8de78 -> 
  custom:audio-decoder-ogg-vorbis: bf7c407c2cedff20999df2af8eb42d56 -> 
========================================================================
Received Prepare
Registering precompiled user dll's ...
Registered in 0.071839 seconds.
Begin MonoManager ReloadAssembly
Symbol file LoadedFromMemory doesn't match image D:\GameDev\SantosPowerUp2025\Library\PackageCache\com.unity.visualscripting@1.7.8\Editor\VisualScripting.Core\Dependencies\YamlDotNet\Unity.VisualScripting.YamlDotNet.dll
Symbol file LoadedFromMemory doesn't match image D:\GameDev\SantosPowerUp2025\Library\PackageCache\com.unity.visualscripting@1.7.8\Editor\VisualScripting.Core\Dependencies\DotNetZip\Unity.VisualScripting.IonicZip.dll
Native extension for WindowsStandalone target not found
Native extension for Android target not found
Native extension for WebGL target not found
Refreshing native plugins compatible for Editor in 26.01 ms, found 3 plugins.
Preloading 0 native plugins for Editor in 0.00 ms.
Mono: successfully reloaded assembly
- Completed reload, in 11.835 seconds
Domain Reload Profiling:
	ReloadAssembly (11839ms)
		BeginReloadAssembly (868ms)
			ExecutionOrderSort (0ms)
			DisableScriptedObjects (64ms)
			BackupInstance (0ms)
			ReleaseScriptingObjects (0ms)
			CreateAndSetChildDomain (254ms)
		EndReloadAssembly (9745ms)
			LoadAssemblies (1245ms)
			RebuildTransferFunctionScriptingTraits (0ms)
			SetupTypeCache (2627ms)
			ReleaseScriptCaches (6ms)
			RebuildScriptCaches (452ms)
			SetupLoadedEditorAssemblies (4852ms)
				LogAssemblyErrors (0ms)
				InitializePlatformSupportModulesInManaged (256ms)
				SetLoadedEditorAssemblies (3ms)
				RefreshPlugins (26ms)
				BeforeProcessingInitializeOnLoad (1046ms)
				ProcessInitializeOnLoadAttributes (2255ms)
				ProcessInitializeOnLoadMethodAttributes (824ms)
				AfterProcessingInitializeOnLoad (442ms)
				EditorAssembliesLoaded (0ms)
			ExecutionOrderSort2 (0ms)
			AwakeInstancesAfterBackupRestoration (65ms)
Platform modules already initialized, skipping
Refreshing native plugins compatible for Editor in 15.03 ms, found 3 plugins.
Preloading 0 native plugins for Editor in 0.00 ms.
Unloading 5618 Unused Serialized files (Serialized files now loaded: 0)
Unloading 28 unused Assets / (1.1 MB). Loaded Objects now: 6423.
Memory consumption went from 241.9 MB to 240.8 MB.
Total: 26.523300 ms (FindLiveObjects: 6.399800 ms CreateObjectMapping: 1.035300 ms MarkObjects: 18.650000 ms  DeleteObjects: 0.432000 ms)

AssetImportParameters requested are different than current active one (requested -> active):
  custom:video-decoder-ogg-theora: a1e56fd34408186e4bbccfd4996cb3dc -> 
  custom:container-muxer-webm: aa71ff27fc2769a1b78a27578f13a17b -> 
  custom:container-demuxer-webm: 4f35f7cbe854078d1ac9338744f61a02 -> 
  custom:video-encoder-webm-vp8: eb34c28f22e8b96e1ab97ce403110664 -> 
  custom:audio-encoder-webm-vorbis: bf7c407c2cedff20999df2af8eb42d56 -> 
  custom:framework-win-MediaFoundation: 216162199b28c13a410421893ffa2e32 -> 
  custom:container-demuxer-ogg: 62fdf1f143b41e24485cea50d1cbac27 -> 
  custom:video-decoder-webm-vp8: 9c59270c3fd7afecdb556c50c9e8de78 -> 
  custom:audio-decoder-ogg-vorbis: bf7c407c2cedff20999df2af8eb42d56 -> 
========================================================================
Received Import Request.
  Time since last request: 706.102270 seconds.
  path: Assets/Scenes/Menu 1/LightingData.asset
  artifactKey: Guid(fbe49e42edae8b2478d9efa14175338f) Importer(815301076,1909f56bfc062723c751e8b465ee728b)
Start importing Assets/Scenes/Menu 1/LightingData.asset using Guid(fbe49e42edae8b2478d9efa14175338f) Importer(815301076,1909f56bfc062723c751e8b465ee728b)  -> (artifact id: '437e6cbf711f78c0e5fd4a6fe83f542e') in 0.048823 seconds 
========================================================================
Received Import Request.
  Time since last request: 0.000026 seconds.
  path: Assets/Scenes/Menu 1/Lightmap-0_comp_light.exr
  artifactKey: Guid(9042e5e0649795f46a1733b7ff3dea81) Importer(815301076,1909f56bfc062723c751e8b465ee728b)
Start importing Assets/Scenes/Menu 1/Lightmap-0_comp_light.exr using Guid(9042e5e0649795f46a1733b7ff3dea81) Importer(815301076,1909f56bfc062723c751e8b465ee728b)  -> (artifact id: 'f1027ca35f673932ace712d7d041a15c') in 0.109824 seconds 
========================================================================
Received Import Request.
  Time since last request: 0.000034 seconds.
  path: Assets/Scenes/Menu 1/Lightmap-0_comp_dir.png
  artifactKey: Guid(ff83b083dae83484cb5d9c9e7a2e7a7a) Importer(815301076,1909f56bfc062723c751e8b465ee728b)
Start importing Assets/Scenes/Menu 1/Lightmap-0_comp_dir.png using Guid(ff83b083dae83484cb5d9c9e7a2e7a7a) Importer(815301076,1909f56bfc062723c751e8b465ee728b)  -> (artifact id: 'c2a25b58b639649a39816fa9cbd82c3d') in 0.067877 seconds 
========================================================================
Received Import Request.
  Time since last request: 0.070054 seconds.
  path: Assets/Scenes/Menu 1/ReflectionProbe-0.exr
  artifactKey: Guid(48a7d7266d23b964fb173b2ad82ace2b) Importer(815301076,1909f56bfc062723c751e8b465ee728b)
Start importing Assets/Scenes/Menu 1/ReflectionProbe-0.exr using Guid(48a7d7266d23b964fb173b2ad82ace2b) Importer(815301076,1909f56bfc062723c751e8b465ee728b)  -> (artifact id: 'b9accfcfb86ce761dec71039f47bddb9') in 4.732331 seconds 
========================================================================
Received Import Request.
  Time since last request: 25.159294 seconds.
  path: Assets/vfx/NuclearFumaca.vfx
  artifactKey: Guid(87223b52f2e72684a82880e983ff9167) Importer(815301076,1909f56bfc062723c751e8b465ee728b)
Start importing Assets/vfx/NuclearFumaca.vfx using Guid(87223b52f2e72684a82880e983ff9167) Importer(815301076,1909f56bfc062723c751e8b465ee728b)  -> (artifact id: 'b9bce2c844b3258cf2e1b26e0a564ff4') in 2.344964 seconds 
========================================================================
Received Import Request.
  Time since last request: 43.461084 seconds.
  path: Assets/vfx/NuclearFumaca.vfx
  artifactKey: Guid(87223b52f2e72684a82880e983ff9167) Importer(815301076,1909f56bfc062723c751e8b465ee728b)
Start importing Assets/vfx/NuclearFumaca.vfx using Guid(87223b52f2e72684a82880e983ff9167) Importer(815301076,1909f56bfc062723c751e8b465ee728b)  -> (artifact id: 'e995a02c55f1b16c9d06ca89a70297ce') in 0.060777 seconds 
========================================================================
Received Import Request.
  Time since last request: 3.235360 seconds.
  path: Assets/vfx/NuclearFumaca.vfx
  artifactKey: Guid(87223b52f2e72684a82880e983ff9167) Importer(815301076,1909f56bfc062723c751e8b465ee728b)
Start importing Assets/vfx/NuclearFumaca.vfx using Guid(87223b52f2e72684a82880e983ff9167) Importer(815301076,1909f56bfc062723c751e8b465ee728b)  -> (artifact id: '8fba86c23da5fcbca9519c76728252b9') in 0.027331 seconds 
========================================================================
Received Import Request.
  Time since last request: 81.024859 seconds.
  path: Assets/Audios
  artifactKey: Guid(1c0d0c36aa3243b4ebe4e865258bb93d) Importer(815301076,1909f56bfc062723c751e8b465ee728b)
Start importing Assets/Audios using Guid(1c0d0c36aa3243b4ebe4e865258bb93d) Importer(815301076,1909f56bfc062723c751e8b465ee728b)  -> (artifact id: '559be1afd0281fc678ca2ca10495f200') in 0.149821 seconds 
========================================================================
Received Import Request.
  Time since last request: 34.114755 seconds.
  path: Assets/Audios/walking-on-concrete-ver-2-268513 (mp3cut.net) 1.mp3
  artifactKey: Guid(f7629c0d78423ea488a4f49dee32d84a) Importer(815301076,1909f56bfc062723c751e8b465ee728b)
Start importing Assets/Audios/walking-on-concrete-ver-2-268513 (mp3cut.net) 1.mp3 using Guid(f7629c0d78423ea488a4f49dee32d84a) Importer(815301076,1909f56bfc062723c751e8b465ee728b)  -> (artifact id: 'c812929e2e3a1060f8a7ad019071635f') in 0.168348 seconds 
========================================================================
Received Import Request.
  Time since last request: 10.193347 seconds.
  path: Assets/Prefabs/NPC01.prefab
  artifactKey: Guid(16e4de0f62729694eb1a5ff97f31af79) Importer(815301076,1909f56bfc062723c751e8b465ee728b)
Start importing Assets/Prefabs/NPC01.prefab using Guid(16e4de0f62729694eb1a5ff97f31af79) Importer(815301076,1909f56bfc062723c751e8b465ee728b)  -> (artifact id: '186e68876ee958e22ebeef874ed0f759') in 10.900647 seconds 
========================================================================
Received Import Request.
  Time since last request: 0.000035 seconds.
  path: Assets/Prefabs/NPCDebbie2.prefab
  artifactKey: Guid(1bddbd3a1afe9314f936a7e5fde0da5c) Importer(815301076,1909f56bfc062723c751e8b465ee728b)
Start importing Assets/Prefabs/NPCDebbie2.prefab using Guid(1bddbd3a1afe9314f936a7e5fde0da5c) Importer(815301076,1909f56bfc062723c751e8b465ee728b)  -> (artifact id: '8aed3dd229a38530284014319fddfab4') in 0.693155 seconds 
========================================================================
Received Import Request.
  Time since last request: 0.000134 seconds.
  path: Assets/Prefabs/NPC06.prefab
  artifactKey: Guid(bce69ffb460102040acb20bbea5190c3) Importer(815301076,1909f56bfc062723c751e8b465ee728b)
Start importing Assets/Prefabs/NPC06.prefab using Guid(bce69ffb460102040acb20bbea5190c3) Importer(815301076,1909f56bfc062723c751e8b465ee728b)  -> (artifact id: 'f8db3c2fa835a1fb3b3c059e82e4faf8') in 0.941435 seconds 
========================================================================
Received Import Request.
  Time since last request: 0.000037 seconds.
  path: Assets/Prefabs/NPC02.prefab
  artifactKey: Guid(b126acb8a7a673f439f5ec19e17dfd59) Importer(815301076,1909f56bfc062723c751e8b465ee728b)
Start importing Assets/Prefabs/NPC02.prefab using Guid(b126acb8a7a673f439f5ec19e17dfd59) Importer(815301076,1909f56bfc062723c751e8b465ee728b)  -> (artifact id: '5760005508ab411c4f13c5b4f25fe485') in 0.629132 seconds 
========================================================================
Received Import Request.
  Time since last request: 0.000040 seconds.
  path: Assets/Prefabs/NPC08.prefab
  artifactKey: Guid(a71d66c2d3ba94e46b0fda843b37281e) Importer(815301076,1909f56bfc062723c751e8b465ee728b)
Start importing Assets/Prefabs/NPC08.prefab using Guid(a71d66c2d3ba94e46b0fda843b37281e) Importer(815301076,1909f56bfc062723c751e8b465ee728b)  -> (artifact id: '72b4bf44261ab8e728ee5510efe13f2b') in 0.419967 seconds 
========================================================================
Received Import Request.
  Time since last request: 0.000034 seconds.
  path: Assets/Prefabs/NPC03.prefab
  artifactKey: Guid(aea00cd83b7045845975864cbf0caa3e) Importer(815301076,1909f56bfc062723c751e8b465ee728b)
Start importing Assets/Prefabs/NPC03.prefab using Guid(aea00cd83b7045845975864cbf0caa3e) Importer(815301076,1909f56bfc062723c751e8b465ee728b)  -> (artifact id: '0da3ace2b565e9c9237da92f35444f8c') in 0.597859 seconds 
========================================================================
Received Import Request.
  Time since last request: 0.000043 seconds.
  path: Assets/Prefabs/NPCDebbie1.prefab
  artifactKey: Guid(d6f8590726c0fdf4d8820af07e591e5b) Importer(815301076,1909f56bfc062723c751e8b465ee728b)
Start importing Assets/Prefabs/NPCDebbie1.prefab using Guid(d6f8590726c0fdf4d8820af07e591e5b) Importer(815301076,1909f56bfc062723c751e8b465ee728b)  -> (artifact id: 'c37b6dcb279f68d2ba581297257f3af4') in 1.309764 seconds 
========================================================================
Received Import Request.
  Time since last request: 0.000039 seconds.
  path: Assets/Prefabs/NPCGeneral01.prefab
  artifactKey: Guid(9179786054c1ca64996197a586509ff2) Importer(815301076,1909f56bfc062723c751e8b465ee728b)
Start importing Assets/Prefabs/NPCGeneral01.prefab using Guid(9179786054c1ca64996197a586509ff2) Importer(815301076,1909f56bfc062723c751e8b465ee728b)  -> (artifact id: 'f43ba19739b97136b4e863d1650dedb0') in 0.666273 seconds 
========================================================================
Received Import Request.
  Time since last request: 0.000040 seconds.
  path: Assets/Prefabs/NPC04.prefab
  artifactKey: Guid(0c667e5e5810e0448b52183683271385) Importer(815301076,1909f56bfc062723c751e8b465ee728b)
Start importing Assets/Prefabs/NPC04.prefab using Guid(0c667e5e5810e0448b52183683271385) Importer(815301076,1909f56bfc062723c751e8b465ee728b)  -> (artifact id: '6723144add7cf8f9b8818970575b6c80') in 0.183746 seconds 
========================================================================
Received Import Request.
  Time since last request: 0.000031 seconds.
  path: Assets/Prefabs/NPC05.prefab
  artifactKey: Guid(d9af8c14a7526b24ba69d557da661a27) Importer(815301076,1909f56bfc062723c751e8b465ee728b)
Start importing Assets/Prefabs/NPC05.prefab using Guid(d9af8c14a7526b24ba69d557da661a27) Importer(815301076,1909f56bfc062723c751e8b465ee728b)  -> (artifact id: '36d87e1a43d4b8a3d9c093c24991097e') in 0.384413 seconds 
========================================================================
Received Import Request.
  Time since last request: 0.000045 seconds.
  path: Assets/Prefabs/NPC07.prefab
  artifactKey: Guid(e0963aa14dba98a43938b379bb1c9335) Importer(815301076,1909f56bfc062723c751e8b465ee728b)
Start importing Assets/Prefabs/NPC07.prefab using Guid(e0963aa14dba98a43938b379bb1c9335) Importer(815301076,1909f56bfc062723c751e8b465ee728b)  -> (artifact id: 'b361ea4f89ae7d96f1ea7d8e74b30b7e') in 0.600933 seconds 
========================================================================
Received Import Request.
  Time since last request: 0.000049 seconds.
  path: Assets/Prefabs/NPCDebbie3.prefab
  artifactKey: Guid(c774684354c0c8340acd528845103aad) Importer(815301076,1909f56bfc062723c751e8b465ee728b)
Start importing Assets/Prefabs/NPCDebbie3.prefab using Guid(c774684354c0c8340acd528845103aad) Importer(815301076,1909f56bfc062723c751e8b465ee728b)  -> (artifact id: '0aba94f97984c78b79fed4509aa48feb') in 2.341674 seconds 
========================================================================
Received Import Request.
  Time since last request: 20.345718 seconds.
  path: Assets/Audios/paper-turn-40077 (mp3cut.net).mp3
  artifactKey: Guid(53c9674dec5318340af7f234afbde21e) Importer(815301076,1909f56bfc062723c751e8b465ee728b)
Start importing Assets/Audios/paper-turn-40077 (mp3cut.net).mp3 using Guid(53c9674dec5318340af7f234afbde21e) Importer(815301076,1909f56bfc062723c751e8b465ee728b)  -> (artifact id: '293f6b757abe38c67d4f7d4a13da215e') in 0.048133 seconds 
========================================================================
Received Import Request.
  Time since last request: 25.149139 seconds.
  path: Assets/Prefabs/NPC01.prefab
  artifactKey: Guid(16e4de0f62729694eb1a5ff97f31af79) Importer(815301076,1909f56bfc062723c751e8b465ee728b)
Start importing Assets/Prefabs/NPC01.prefab using Guid(16e4de0f62729694eb1a5ff97f31af79) Importer(815301076,1909f56bfc062723c751e8b465ee728b)  -> (artifact id: 'eaa3cedf5bf5fcdd7c17bbfc2e0e79b9') in 0.067499 seconds 
========================================================================
Received Import Request.
  Time since last request: 0.000072 seconds.
  path: Assets/Prefabs/NPCDebbie2.prefab
  artifactKey: Guid(1bddbd3a1afe9314f936a7e5fde0da5c) Importer(815301076,1909f56bfc062723c751e8b465ee728b)
Start importing Assets/Prefabs/NPCDebbie2.prefab using Guid(1bddbd3a1afe9314f936a7e5fde0da5c) Importer(815301076,1909f56bfc062723c751e8b465ee728b)  -> (artifact id: 'beeb459261ce43e0c18c2aff5f51b17c') in 0.052661 seconds 
========================================================================
Received Import Request.
  Time since last request: 0.000056 seconds.
  path: Assets/Prefabs/NPC06.prefab
  artifactKey: Guid(bce69ffb460102040acb20bbea5190c3) Importer(815301076,1909f56bfc062723c751e8b465ee728b)
Start importing Assets/Prefabs/NPC06.prefab using Guid(bce69ffb460102040acb20bbea5190c3) Importer(815301076,1909f56bfc062723c751e8b465ee728b)  -> (artifact id: '5533b7a944f2eb59007816fbd405bfe1') in 0.062970 seconds 
========================================================================
Received Import Request.
  Time since last request: 0.000029 seconds.
  path: Assets/Prefabs/NPC02.prefab
  artifactKey: Guid(b126acb8a7a673f439f5ec19e17dfd59) Importer(815301076,1909f56bfc062723c751e8b465ee728b)
Start importing Assets/Prefabs/NPC02.prefab using Guid(b126acb8a7a673f439f5ec19e17dfd59) Importer(815301076,1909f56bfc062723c751e8b465ee728b)  -> (artifact id: 'abfd3baf86ae2d379b1ac41194780f57') in 0.049888 seconds 
========================================================================
Received Import Request.
  Time since last request: 0.000030 seconds.
  path: Assets/Prefabs/NPC08.prefab
  artifactKey: Guid(a71d66c2d3ba94e46b0fda843b37281e) Importer(815301076,1909f56bfc062723c751e8b465ee728b)
Start importing Assets/Prefabs/NPC08.prefab using Guid(a71d66c2d3ba94e46b0fda843b37281e) Importer(815301076,1909f56bfc062723c751e8b465ee728b)  -> (artifact id: '5fef690c5fec2d2e3d42130fa713a529') in 0.038849 seconds 
========================================================================
Received Import Request.
  Time since last request: 0.000034 seconds.
  path: Assets/Prefabs/NPC03.prefab
  artifactKey: Guid(aea00cd83b7045845975864cbf0caa3e) Importer(815301076,1909f56bfc062723c751e8b465ee728b)
Start importing Assets/Prefabs/NPC03.prefab using Guid(aea00cd83b7045845975864cbf0caa3e) Importer(815301076,1909f56bfc062723c751e8b465ee728b)  -> (artifact id: '59657e4b0bd69edc7b2203dd71c471df') in 0.059132 seconds 
========================================================================
Received Import Request.
  Time since last request: 0.000041 seconds.
  path: Assets/Prefabs/NPCDebbie1.prefab
  artifactKey: Guid(d6f8590726c0fdf4d8820af07e591e5b) Importer(815301076,1909f56bfc062723c751e8b465ee728b)
Start importing Assets/Prefabs/NPCDebbie1.prefab using Guid(d6f8590726c0fdf4d8820af07e591e5b) Importer(815301076,1909f56bfc062723c751e8b465ee728b)  -> (artifact id: 'ad7cc4e3b9678a5431ef7c3cfee7df9c') in 0.047272 seconds 
========================================================================
Received Import Request.
  Time since last request: 0.000035 seconds.
  path: Assets/Prefabs/NPCGeneral01.prefab
  artifactKey: Guid(9179786054c1ca64996197a586509ff2) Importer(815301076,1909f56bfc062723c751e8b465ee728b)
Start importing Assets/Prefabs/NPCGeneral01.prefab using Guid(9179786054c1ca64996197a586509ff2) Importer(815301076,1909f56bfc062723c751e8b465ee728b)  -> (artifact id: 'cba284cd8715ce25b2a4f014b00b4472') in 0.060961 seconds 
========================================================================
Received Import Request.
  Time since last request: 0.000038 seconds.
  path: Assets/Prefabs/NPC04.prefab
  artifactKey: Guid(0c667e5e5810e0448b52183683271385) Importer(815301076,1909f56bfc062723c751e8b465ee728b)
Start importing Assets/Prefabs/NPC04.prefab using Guid(0c667e5e5810e0448b52183683271385) Importer(815301076,1909f56bfc062723c751e8b465ee728b)  -> (artifact id: 'f953a85c479dd68f5d3509967239ecd3') in 0.073264 seconds 
========================================================================
Received Import Request.
  Time since last request: 0.000066 seconds.
  path: Assets/Prefabs/NPC05.prefab
  artifactKey: Guid(d9af8c14a7526b24ba69d557da661a27) Importer(815301076,1909f56bfc062723c751e8b465ee728b)
Start importing Assets/Prefabs/NPC05.prefab using Guid(d9af8c14a7526b24ba69d557da661a27) Importer(815301076,1909f56bfc062723c751e8b465ee728b)  -> (artifact id: '35d8001da732d2ac6a0b107c07a85564') in 0.169710 seconds 
========================================================================
Received Import Request.
  Time since last request: 0.000058 seconds.
  path: Assets/Prefabs/NPC07.prefab
  artifactKey: Guid(e0963aa14dba98a43938b379bb1c9335) Importer(815301076,1909f56bfc062723c751e8b465ee728b)
Start importing Assets/Prefabs/NPC07.prefab using Guid(e0963aa14dba98a43938b379bb1c9335) Importer(815301076,1909f56bfc062723c751e8b465ee728b)  -> (artifact id: '57fc2dadd8fb37638a599d4f69d490c6') in 0.081373 seconds 
========================================================================
Received Import Request.
  Time since last request: 0.000041 seconds.
  path: Assets/Prefabs/NPCDebbie3.prefab
  artifactKey: Guid(c774684354c0c8340acd528845103aad) Importer(815301076,1909f56bfc062723c751e8b465ee728b)
Start importing Assets/Prefabs/NPCDebbie3.prefab using Guid(c774684354c0c8340acd528845103aad) Importer(815301076,1909f56bfc062723c751e8b465ee728b)  -> (artifact id: 'c48714518b99ef5ab6f363f8c46a4e19') in 0.128923 seconds 
========================================================================
Received Import Request.
  Time since last request: 11.299147 seconds.
  path: Assets/Prefabs/NPC01.prefab
  artifactKey: Guid(16e4de0f62729694eb1a5ff97f31af79) Importer(815301076,1909f56bfc062723c751e8b465ee728b)
Start importing Assets/Prefabs/NPC01.prefab using Guid(16e4de0f62729694eb1a5ff97f31af79) Importer(815301076,1909f56bfc062723c751e8b465ee728b)  -> (artifact id: 'cda424fff9478d76576e117e0503e4bc') in 0.488755 seconds 
========================================================================
Received Import Request.
  Time since last request: 0.000043 seconds.
  path: Assets/Prefabs/NPCDebbie2.prefab
  artifactKey: Guid(1bddbd3a1afe9314f936a7e5fde0da5c) Importer(815301076,1909f56bfc062723c751e8b465ee728b)
Start importing Assets/Prefabs/NPCDebbie2.prefab using Guid(1bddbd3a1afe9314f936a7e5fde0da5c) Importer(815301076,1909f56bfc062723c751e8b465ee728b)  -> (artifact id: '00a02458eb75f3e6f54390b315ed51af') in 0.097418 seconds 
========================================================================
Received Import Request.
  Time since last request: 0.000044 seconds.
  path: Assets/Prefabs/NPC06.prefab
  artifactKey: Guid(bce69ffb460102040acb20bbea5190c3) Importer(815301076,1909f56bfc062723c751e8b465ee728b)
Start importing Assets/Prefabs/NPC06.prefab using Guid(bce69ffb460102040acb20bbea5190c3) Importer(815301076,1909f56bfc062723c751e8b465ee728b)  -> (artifact id: 'c84368ab8b095bde9b269cf99ef4f7a8') in 0.390688 seconds 
========================================================================
Received Import Request.
  Time since last request: 0.000044 seconds.
  path: Assets/Prefabs/NPC02.prefab
  artifactKey: Guid(b126acb8a7a673f439f5ec19e17dfd59) Importer(815301076,1909f56bfc062723c751e8b465ee728b)
Start importing Assets/Prefabs/NPC02.prefab using Guid(b126acb8a7a673f439f5ec19e17dfd59) Importer(815301076,1909f56bfc062723c751e8b465ee728b)  -> (artifact id: '3243e1aeb52e32998168c634f50d85f6') in 0.494840 seconds 
========================================================================
Received Import Request.
  Time since last request: 0.000048 seconds.
  path: Assets/Prefabs/NPC08.prefab
  artifactKey: Guid(a71d66c2d3ba94e46b0fda843b37281e) Importer(815301076,1909f56bfc062723c751e8b465ee728b)
Start importing Assets/Prefabs/NPC08.prefab using Guid(a71d66c2d3ba94e46b0fda843b37281e) Importer(815301076,1909f56bfc062723c751e8b465ee728b)  -> (artifact id: '0fad503a14de90d8fe24d692c94f6ec1') in 0.099469 seconds 
========================================================================
Received Import Request.
  Time since last request: 0.000076 seconds.
  path: Assets/Prefabs/NPC03.prefab
  artifactKey: Guid(aea00cd83b7045845975864cbf0caa3e) Importer(815301076,1909f56bfc062723c751e8b465ee728b)
Start importing Assets/Prefabs/NPC03.prefab using Guid(aea00cd83b7045845975864cbf0caa3e) Importer(815301076,1909f56bfc062723c751e8b465ee728b)  -> (artifact id: '9a475f87ab1dba8daa42e3f53d527953') in 0.112725 seconds 
========================================================================
Received Import Request.
  Time since last request: 0.000115 seconds.
  path: Assets/Prefabs/NPCDebbie1.prefab
  artifactKey: Guid(d6f8590726c0fdf4d8820af07e591e5b) Importer(815301076,1909f56bfc062723c751e8b465ee728b)
Start importing Assets/Prefabs/NPCDebbie1.prefab using Guid(d6f8590726c0fdf4d8820af07e591e5b) Importer(815301076,1909f56bfc062723c751e8b465ee728b)  -> (artifact id: '35fbf85ce470786b15605b04b3821fd4') in 0.138967 seconds 
========================================================================
Received Import Request.
  Time since last request: 0.000051 seconds.
  path: Assets/Prefabs/NPCGeneral01.prefab
  artifactKey: Guid(9179786054c1ca64996197a586509ff2) Importer(815301076,1909f56bfc062723c751e8b465ee728b)
Start importing Assets/Prefabs/NPCGeneral01.prefab using Guid(9179786054c1ca64996197a586509ff2) Importer(815301076,1909f56bfc062723c751e8b465ee728b)  -> (artifact id: '79678374d1cb7fd3e18fe70f6831715c') in 0.142986 seconds 
========================================================================
Received Import Request.
  Time since last request: 0.000038 seconds.
  path: Assets/Prefabs/NPC04.prefab
  artifactKey: Guid(0c667e5e5810e0448b52183683271385) Importer(815301076,1909f56bfc062723c751e8b465ee728b)
Start importing Assets/Prefabs/NPC04.prefab using Guid(0c667e5e5810e0448b52183683271385) Importer(815301076,1909f56bfc062723c751e8b465ee728b)  -> (artifact id: '4201d1cde562a7cbdffc11753f81a15a') in 0.199308 seconds 
========================================================================
Received Import Request.
  Time since last request: 0.000041 seconds.
  path: Assets/Prefabs/NPC05.prefab
  artifactKey: Guid(d9af8c14a7526b24ba69d557da661a27) Importer(815301076,1909f56bfc062723c751e8b465ee728b)
Start importing Assets/Prefabs/NPC05.prefab using Guid(d9af8c14a7526b24ba69d557da661a27) Importer(815301076,1909f56bfc062723c751e8b465ee728b)  -> (artifact id: 'c65ca9fc20fe450632b96589d14f0ea4') in 0.938088 seconds 
========================================================================
Received Import Request.
  Time since last request: 0.000050 seconds.
  path: Assets/Prefabs/NPC07.prefab
  artifactKey: Guid(e0963aa14dba98a43938b379bb1c9335) Importer(815301076,1909f56bfc062723c751e8b465ee728b)
Start importing Assets/Prefabs/NPC07.prefab using Guid(e0963aa14dba98a43938b379bb1c9335) Importer(815301076,1909f56bfc062723c751e8b465ee728b)  -> (artifact id: 'a2526e73c04b76b3a093a14430eebe2d') in 0.276574 seconds 
========================================================================
Received Import Request.
  Time since last request: 0.000629 seconds.
  path: Assets/Prefabs/NPCDebbie3.prefab
  artifactKey: Guid(c774684354c0c8340acd528845103aad) Importer(815301076,1909f56bfc062723c751e8b465ee728b)
Start importing Assets/Prefabs/NPCDebbie3.prefab using Guid(c774684354c0c8340acd528845103aad) Importer(815301076,1909f56bfc062723c751e8b465ee728b)  -> (artifact id: '468b527f900af5999c6dfe8c5da98080') in 0.238199 seconds 
========================================================================
Received Import Request.
  Time since last request: 3.261163 seconds.
  path: Assets/Prefabs/NPC01.prefab
  artifactKey: Guid(16e4de0f62729694eb1a5ff97f31af79) Importer(815301076,1909f56bfc062723c751e8b465ee728b)
Start importing Assets/Prefabs/NPC01.prefab using Guid(16e4de0f62729694eb1a5ff97f31af79) Importer(815301076,1909f56bfc062723c751e8b465ee728b)  -> (artifact id: '36faa692e0e63447fc107cba23650849') in 0.280495 seconds 
========================================================================
Received Import Request.
  Time since last request: 0.000040 seconds.
  path: Assets/Prefabs/NPCDebbie2.prefab
  artifactKey: Guid(1bddbd3a1afe9314f936a7e5fde0da5c) Importer(815301076,1909f56bfc062723c751e8b465ee728b)
Start importing Assets/Prefabs/NPCDebbie2.prefab using Guid(1bddbd3a1afe9314f936a7e5fde0da5c) Importer(815301076,1909f56bfc062723c751e8b465ee728b)  -> (artifact id: '7d28d99f79fa81d9a2ba9b4183175472') in 0.068101 seconds 
========================================================================
Received Import Request.
  Time since last request: 0.000043 seconds.
  path: Assets/Prefabs/NPC06.prefab
  artifactKey: Guid(bce69ffb460102040acb20bbea5190c3) Importer(815301076,1909f56bfc062723c751e8b465ee728b)
Start importing Assets/Prefabs/NPC06.prefab using Guid(bce69ffb460102040acb20bbea5190c3) Importer(815301076,1909f56bfc062723c751e8b465ee728b)  -> (artifact id: 'cda1b48bc2f5187912a7f5d5f0242a4b') in 0.051297 seconds 
========================================================================
Received Import Request.
  Time since last request: 0.000031 seconds.
  path: Assets/Prefabs/NPC02.prefab
  artifactKey: Guid(b126acb8a7a673f439f5ec19e17dfd59) Importer(815301076,1909f56bfc062723c751e8b465ee728b)
Start importing Assets/Prefabs/NPC02.prefab using Guid(b126acb8a7a673f439f5ec19e17dfd59) Importer(815301076,1909f56bfc062723c751e8b465ee728b)  -> (artifact id: 'e9e57d4a7c54496217ab7be9ad0bf329') in 0.056608 seconds 
========================================================================
Received Import Request.
  Time since last request: 0.000038 seconds.
  path: Assets/Prefabs/NPC08.prefab
  artifactKey: Guid(a71d66c2d3ba94e46b0fda843b37281e) Importer(815301076,1909f56bfc062723c751e8b465ee728b)
Start importing Assets/Prefabs/NPC08.prefab using Guid(a71d66c2d3ba94e46b0fda843b37281e) Importer(815301076,1909f56bfc062723c751e8b465ee728b)  -> (artifact id: 'cb3763d9f672e93d2b92b29577be2fb4') in 0.410496 seconds 
========================================================================
Received Import Request.
  Time since last request: 0.000040 seconds.
  path: Assets/Prefabs/NPC03.prefab
  artifactKey: Guid(aea00cd83b7045845975864cbf0caa3e) Importer(815301076,1909f56bfc062723c751e8b465ee728b)
Start importing Assets/Prefabs/NPC03.prefab using Guid(aea00cd83b7045845975864cbf0caa3e) Importer(815301076,1909f56bfc062723c751e8b465ee728b)  -> (artifact id: '30136caebaae77b9f9cd664d93d50eba') in 0.186054 seconds 
========================================================================
Received Import Request.
  Time since last request: 0.000050 seconds.
  path: Assets/Prefabs/NPCDebbie1.prefab
  artifactKey: Guid(d6f8590726c0fdf4d8820af07e591e5b) Importer(815301076,1909f56bfc062723c751e8b465ee728b)
Start importing Assets/Prefabs/NPCDebbie1.prefab using Guid(d6f8590726c0fdf4d8820af07e591e5b) Importer(815301076,1909f56bfc062723c751e8b465ee728b)  -> (artifact id: 'bb36d5f62e151dd8b186f03b5322f1c2') in 0.371638 seconds 
========================================================================
Received Import Request.
  Time since last request: 0.000037 seconds.
  path: Assets/Prefabs/NPCGeneral01.prefab
  artifactKey: Guid(9179786054c1ca64996197a586509ff2) Importer(815301076,1909f56bfc062723c751e8b465ee728b)
Start importing Assets/Prefabs/NPCGeneral01.prefab using Guid(9179786054c1ca64996197a586509ff2) Importer(815301076,1909f56bfc062723c751e8b465ee728b)  -> (artifact id: 'e33fc71c39e00a70756648844552df29') in 0.168635 seconds 
========================================================================
Received Import Request.
  Time since last request: 0.000059 seconds.
  path: Assets/Prefabs/NPC04.prefab
  artifactKey: Guid(0c667e5e5810e0448b52183683271385) Importer(815301076,1909f56bfc062723c751e8b465ee728b)
Start importing Assets/Prefabs/NPC04.prefab using Guid(0c667e5e5810e0448b52183683271385) Importer(815301076,1909f56bfc062723c751e8b465ee728b)  -> (artifact id: '9d3be1f7749ddc581e62e8a471a91f5d') in 0.193460 seconds 
========================================================================
Received Import Request.
  Time since last request: 0.000043 seconds.
  path: Assets/Prefabs/NPC05.prefab
  artifactKey: Guid(d9af8c14a7526b24ba69d557da661a27) Importer(815301076,1909f56bfc062723c751e8b465ee728b)
Start importing Assets/Prefabs/NPC05.prefab using Guid(d9af8c14a7526b24ba69d557da661a27) Importer(815301076,1909f56bfc062723c751e8b465ee728b)  -> (artifact id: 'dcede298cfa927fb5a6e6183a6ef9efd') in 0.093199 seconds 
========================================================================
Received Import Request.
  Time since last request: 0.000076 seconds.
  path: Assets/Prefabs/NPC07.prefab
  artifactKey: Guid(e0963aa14dba98a43938b379bb1c9335) Importer(815301076,1909f56bfc062723c751e8b465ee728b)
Start importing Assets/Prefabs/NPC07.prefab using Guid(e0963aa14dba98a43938b379bb1c9335) Importer(815301076,1909f56bfc062723c751e8b465ee728b)  -> (artifact id: '8d596932ec19107f472c946ce818a265') in 0.126171 seconds 
========================================================================
Received Import Request.
  Time since last request: 0.000042 seconds.
  path: Assets/Prefabs/NPCDebbie3.prefab
  artifactKey: Guid(c774684354c0c8340acd528845103aad) Importer(815301076,1909f56bfc062723c751e8b465ee728b)
Start importing Assets/Prefabs/NPCDebbie3.prefab using Guid(c774684354c0c8340acd528845103aad) Importer(815301076,1909f56bfc062723c751e8b465ee728b)  -> (artifact id: '76f3bc79914f87133e5a9a5426b3af5e') in 0.167735 seconds 
========================================================================
Received Import Request.
  Time since last request: 69.441372 seconds.
  path: Assets/Prefabs/NPC01.prefab
  artifactKey: Guid(16e4de0f62729694eb1a5ff97f31af79) Importer(815301076,1909f56bfc062723c751e8b465ee728b)
Start importing Assets/Prefabs/NPC01.prefab using Guid(16e4de0f62729694eb1a5ff97f31af79) Importer(815301076,1909f56bfc062723c751e8b465ee728b)  -> (artifact id: '1a7c06e62dcd62f8499d328f6a9acfca') in 0.192762 seconds 
========================================================================
Received Import Request.
  Time since last request: 0.000039 seconds.
  path: Assets/Prefabs/NPCDebbie2.prefab
  artifactKey: Guid(1bddbd3a1afe9314f936a7e5fde0da5c) Importer(815301076,1909f56bfc062723c751e8b465ee728b)
Start importing Assets/Prefabs/NPCDebbie2.prefab using Guid(1bddbd3a1afe9314f936a7e5fde0da5c) Importer(815301076,1909f56bfc062723c751e8b465ee728b)  -> (artifact id: '69eed3ee49e967dafeac2522888f7fb6') in 0.058542 seconds 
========================================================================
Received Import Request.
  Time since last request: 0.000041 seconds.
  path: Assets/Prefabs/NPC06.prefab
  artifactKey: Guid(bce69ffb460102040acb20bbea5190c3) Importer(815301076,1909f56bfc062723c751e8b465ee728b)
Start importing Assets/Prefabs/NPC06.prefab using Guid(bce69ffb460102040acb20bbea5190c3) Importer(815301076,1909f56bfc062723c751e8b465ee728b)  -> (artifact id: '3440beea9da1668f6efcfe7007388d70') in 0.060008 seconds 
========================================================================
Received Import Request.
  Time since last request: 0.000029 seconds.
  path: Assets/Prefabs/NPC02.prefab
  artifactKey: Guid(b126acb8a7a673f439f5ec19e17dfd59) Importer(815301076,1909f56bfc062723c751e8b465ee728b)
Start importing Assets/Prefabs/NPC02.prefab using Guid(b126acb8a7a673f439f5ec19e17dfd59) Importer(815301076,1909f56bfc062723c751e8b465ee728b)  -> (artifact id: '72c5eb31dfe2d020c051361db79b2856') in 0.052661 seconds 
========================================================================
Received Import Request.
  Time since last request: 0.000031 seconds.
  path: Assets/Prefabs/NPC08.prefab
  artifactKey: Guid(a71d66c2d3ba94e46b0fda843b37281e) Importer(815301076,1909f56bfc062723c751e8b465ee728b)
Start importing Assets/Prefabs/NPC08.prefab using Guid(a71d66c2d3ba94e46b0fda843b37281e) Importer(815301076,1909f56bfc062723c751e8b465ee728b)  -> (artifact id: '2ab149a12a5f359811641d66268eef9b') in 0.049168 seconds 
========================================================================
Received Import Request.
  Time since last request: 0.000030 seconds.
  path: Assets/Prefabs/NPC03.prefab
  artifactKey: Guid(aea00cd83b7045845975864cbf0caa3e) Importer(815301076,1909f56bfc062723c751e8b465ee728b)
Start importing Assets/Prefabs/NPC03.prefab using Guid(aea00cd83b7045845975864cbf0caa3e) Importer(815301076,1909f56bfc062723c751e8b465ee728b)  -> (artifact id: '6b0411b2137c1cd2f79e8655ff9aa86b') in 0.061601 seconds 
========================================================================
Received Import Request.
  Time since last request: 0.000032 seconds.
  path: Assets/Prefabs/NPCDebbie1.prefab
  artifactKey: Guid(d6f8590726c0fdf4d8820af07e591e5b) Importer(815301076,1909f56bfc062723c751e8b465ee728b)
Start importing Assets/Prefabs/NPCDebbie1.prefab using Guid(d6f8590726c0fdf4d8820af07e591e5b) Importer(815301076,1909f56bfc062723c751e8b465ee728b)  -> (artifact id: 'e68bfdf2c8234508f45df81620d27274') in 0.045496 seconds 
========================================================================
Received Import Request.
  Time since last request: 0.000043 seconds.
  path: Assets/Prefabs/NPCGeneral01.prefab
  artifactKey: Guid(9179786054c1ca64996197a586509ff2) Importer(815301076,1909f56bfc062723c751e8b465ee728b)
Start importing Assets/Prefabs/NPCGeneral01.prefab using Guid(9179786054c1ca64996197a586509ff2) Importer(815301076,1909f56bfc062723c751e8b465ee728b)  -> (artifact id: '4e6089a26e6477ca4c442492ccf5576d') in 0.054459 seconds 
========================================================================
Received Import Request.
  Time since last request: 0.000029 seconds.
  path: Assets/Prefabs/NPC04.prefab
  artifactKey: Guid(0c667e5e5810e0448b52183683271385) Importer(815301076,1909f56bfc062723c751e8b465ee728b)
Start importing Assets/Prefabs/NPC04.prefab using Guid(0c667e5e5810e0448b52183683271385) Importer(815301076,1909f56bfc062723c751e8b465ee728b)  -> (artifact id: 'ca0da373746f1e8293eaffaa837b91ad') in 0.044517 seconds 
========================================================================
Received Import Request.
  Time since last request: 0.000038 seconds.
  path: Assets/Prefabs/NPC05.prefab
  artifactKey: Guid(d9af8c14a7526b24ba69d557da661a27) Importer(815301076,1909f56bfc062723c751e8b465ee728b)
Start importing Assets/Prefabs/NPC05.prefab using Guid(d9af8c14a7526b24ba69d557da661a27) Importer(815301076,1909f56bfc062723c751e8b465ee728b)  -> (artifact id: '1637a2ea6aa2598ba2603a85971e2493') in 0.079855 seconds 
========================================================================
Received Import Request.
  Time since last request: 0.000070 seconds.
  path: Assets/Prefabs/NPC07.prefab
  artifactKey: Guid(e0963aa14dba98a43938b379bb1c9335) Importer(815301076,1909f56bfc062723c751e8b465ee728b)
Start importing Assets/Prefabs/NPC07.prefab using Guid(e0963aa14dba98a43938b379bb1c9335) Importer(815301076,1909f56bfc062723c751e8b465ee728b)  -> (artifact id: '04c857b2ff73c69d8e74913c239a5999') in 0.074239 seconds 
========================================================================
Received Import Request.
  Time since last request: 0.000044 seconds.
  path: Assets/Prefabs/NPCDebbie3.prefab
  artifactKey: Guid(c774684354c0c8340acd528845103aad) Importer(815301076,1909f56bfc062723c751e8b465ee728b)
Start importing Assets/Prefabs/NPCDebbie3.prefab using Guid(c774684354c0c8340acd528845103aad) Importer(815301076,1909f56bfc062723c751e8b465ee728b)  -> (artifact id: 'ee3c772a97fcbdccab4872348e740faf') in 0.054076 seconds 
========================================================================
Received Prepare
Registering precompiled user dll's ...
Registered in 0.010944 seconds.
Begin MonoManager ReloadAssembly
Symbol file LoadedFromMemory doesn't match image D:\GameDev\SantosPowerUp2025\Library\PackageCache\com.unity.visualscripting@1.7.8\Editor\VisualScripting.Core\Dependencies\YamlDotNet\Unity.VisualScripting.YamlDotNet.dll
Symbol file LoadedFromMemory doesn't match image D:\GameDev\SantosPowerUp2025\Library\PackageCache\com.unity.visualscripting@1.7.8\Editor\VisualScripting.Core\Dependencies\DotNetZip\Unity.VisualScripting.IonicZip.dll
Native extension for WindowsStandalone target not found
Native extension for Android target not found
Native extension for WebGL target not found
Refreshing native plugins compatible for Editor in 1.47 ms, found 3 plugins.
Preloading 0 native plugins for Editor in 0.00 ms.
Mono: successfully reloaded assembly
- Completed reload, in  7.739 seconds
Domain Reload Profiling:
	ReloadAssembly (7755ms)
		BeginReloadAssembly (1033ms)
			ExecutionOrderSort (0ms)
			DisableScriptedObjects (70ms)
			BackupInstance (0ms)
			ReleaseScriptingObjects (0ms)
			CreateAndSetChildDomain (200ms)
		EndReloadAssembly (6402ms)
			LoadAssemblies (417ms)
			RebuildTransferFunctionScriptingTraits (0ms)
			SetupTypeCache (1075ms)
			ReleaseScriptCaches (15ms)
			RebuildScriptCaches (432ms)
			SetupLoadedEditorAssemblies (3370ms)
				LogAssemblyErrors (0ms)
				InitializePlatformSupportModulesInManaged (133ms)
				SetLoadedEditorAssemblies (1ms)
				RefreshPlugins (2ms)
				BeforeProcessingInitializeOnLoad (565ms)
				ProcessInitializeOnLoadAttributes (1955ms)
				ProcessInitializeOnLoadMethodAttributes (535ms)
				AfterProcessingInitializeOnLoad (178ms)
				EditorAssembliesLoaded (0ms)
			ExecutionOrderSort2 (0ms)
			AwakeInstancesAfterBackupRestoration (133ms)
Platform modules already initialized, skipping
Refreshing native plugins compatible for Editor in 11.28 ms, found 3 plugins.
Preloading 0 native plugins for Editor in 0.00 ms.
Unloading 5618 Unused Serialized files (Serialized files now loaded: 0)
Unloading 28 unused Assets / (1.1 MB). Loaded Objects now: 6474.
Memory consumption went from 243.0 MB to 241.9 MB.
Total: 20.288000 ms (FindLiveObjects: 7.384200 ms CreateObjectMapping: 2.354200 ms MarkObjects: 9.025600 ms  DeleteObjects: 1.521600 ms)

AssetImportParameters requested are different than current active one (requested -> active):
  custom:video-decoder-ogg-theora: a1e56fd34408186e4bbccfd4996cb3dc -> 
  custom:container-muxer-webm: aa71ff27fc2769a1b78a27578f13a17b -> 
  custom:container-demuxer-webm: 4f35f7cbe854078d1ac9338744f61a02 -> 
  custom:video-encoder-webm-vp8: eb34c28f22e8b96e1ab97ce403110664 -> 
  custom:audio-encoder-webm-vorbis: bf7c407c2cedff20999df2af8eb42d56 -> 
  custom:framework-win-MediaFoundation: 216162199b28c13a410421893ffa2e32 -> 
  custom:container-demuxer-ogg: 62fdf1f143b41e24485cea50d1cbac27 -> 
  custom:video-decoder-webm-vp8: 9c59270c3fd7afecdb556c50c9e8de78 -> 
  custom:audio-decoder-ogg-vorbis: bf7c407c2cedff20999df2af8eb42d56 -> 
========================================================================
Received Prepare
Registering precompiled user dll's ...
Registered in 0.033588 seconds.
Begin MonoManager ReloadAssembly
Symbol file LoadedFromMemory doesn't match image D:\GameDev\SantosPowerUp2025\Library\PackageCache\com.unity.visualscripting@1.7.8\Editor\VisualScripting.Core\Dependencies\YamlDotNet\Unity.VisualScripting.YamlDotNet.dll
Symbol file LoadedFromMemory doesn't match image D:\GameDev\SantosPowerUp2025\Library\PackageCache\com.unity.visualscripting@1.7.8\Editor\VisualScripting.Core\Dependencies\DotNetZip\Unity.VisualScripting.IonicZip.dll
Native extension for WindowsStandalone target not found
Native extension for Android target not found
Native extension for WebGL target not found
Refreshing native plugins compatible for Editor in 1.76 ms, found 3 plugins.
Preloading 0 native plugins for Editor in 0.00 ms.
Mono: successfully reloaded assembly
- Completed reload, in 10.694 seconds
Domain Reload Profiling:
	ReloadAssembly (10695ms)
		BeginReloadAssembly (930ms)
			ExecutionOrderSort (0ms)
			DisableScriptedObjects (28ms)
			BackupInstance (0ms)
			ReleaseScriptingObjects (0ms)
			CreateAndSetChildDomain (297ms)
		EndReloadAssembly (8799ms)
			LoadAssemblies (650ms)
			RebuildTransferFunctionScriptingTraits (0ms)
			SetupTypeCache (3430ms)
			ReleaseScriptCaches (10ms)
			RebuildScriptCaches (500ms)
			SetupLoadedEditorAssemblies (3502ms)
				LogAssemblyErrors (0ms)
				InitializePlatformSupportModulesInManaged (238ms)
				SetLoadedEditorAssemblies (1ms)
				RefreshPlugins (2ms)
				BeforeProcessingInitializeOnLoad (590ms)
				ProcessInitializeOnLoadAttributes (1876ms)
				ProcessInitializeOnLoadMethodAttributes (700ms)
				AfterProcessingInitializeOnLoad (94ms)
				EditorAssembliesLoaded (0ms)
			ExecutionOrderSort2 (0ms)
			AwakeInstancesAfterBackupRestoration (188ms)
Platform modules already initialized, skipping
Refreshing native plugins compatible for Editor in 10.77 ms, found 3 plugins.
Preloading 0 native plugins for Editor in 0.00 ms.
Unloading 5618 Unused Serialized files (Serialized files now loaded: 0)
Unloading 28 unused Assets / (1.1 MB). Loaded Objects now: 6477.
Memory consumption went from 242.9 MB to 241.8 MB.
Total: 26.024400 ms (FindLiveObjects: 4.654900 ms CreateObjectMapping: 0.863700 ms MarkObjects: 19.798100 ms  DeleteObjects: 0.704600 ms)

AssetImportParameters requested are different than current active one (requested -> active):
  custom:video-decoder-ogg-theora: a1e56fd34408186e4bbccfd4996cb3dc -> 
  custom:container-muxer-webm: aa71ff27fc2769a1b78a27578f13a17b -> 
  custom:container-demuxer-webm: 4f35f7cbe854078d1ac9338744f61a02 -> 
  custom:video-encoder-webm-vp8: eb34c28f22e8b96e1ab97ce403110664 -> 
  custom:audio-encoder-webm-vorbis: bf7c407c2cedff20999df2af8eb42d56 -> 
  custom:framework-win-MediaFoundation: 216162199b28c13a410421893ffa2e32 -> 
  custom:container-demuxer-ogg: 62fdf1f143b41e24485cea50d1cbac27 -> 
  custom:video-decoder-webm-vp8: 9c59270c3fd7afecdb556c50c9e8de78 -> 
  custom:audio-decoder-ogg-vorbis: bf7c407c2cedff20999df2af8eb42d56 -> 
========================================================================
Received Import Request.
  Time since last request: 150.052640 seconds.
  path: Assets/Prefabs/NPC05.prefab
  artifactKey: Guid(d9af8c14a7526b24ba69d557da661a27) Importer(815301076,1909f56bfc062723c751e8b465ee728b)
Start importing Assets/Prefabs/NPC05.prefab using Guid(d9af8c14a7526b24ba69d557da661a27) Importer(815301076,1909f56bfc062723c751e8b465ee728b)  -> (artifact id: 'bda5e8e5790a1443ccdb6715549017aa') in 2.311288 seconds 
========================================================================
Received Import Request.
  Time since last request: 1952.975344 seconds.
  path: Assets/Audios/jazz-cafe-music-348267.mp3
  artifactKey: Guid(32c5b248206df1840ba79a97c967c25e) Importer(815301076,1909f56bfc062723c751e8b465ee728b)
Start importing Assets/Audios/jazz-cafe-music-348267.mp3 using Guid(32c5b248206df1840ba79a97c967c25e) Importer(815301076,1909f56bfc062723c751e8b465ee728b)  -> (artifact id: 'e20d10d012beed8f4790fc41b0dda06b') in 0.137457 seconds 
========================================================================
Received Import Request.
  Time since last request: 8.086585 seconds.
  path: Assets/Prefabs/NPC01.prefab
  artifactKey: Guid(16e4de0f62729694eb1a5ff97f31af79) Importer(815301076,1909f56bfc062723c751e8b465ee728b)
Start importing Assets/Prefabs/NPC01.prefab using Guid(16e4de0f62729694eb1a5ff97f31af79) Importer(815301076,1909f56bfc062723c751e8b465ee728b)  -> (artifact id: '0e5caf6a149d5c2b7ae4686204c2389e') in 0.757917 seconds 
========================================================================
Received Import Request.
  Time since last request: 0.000034 seconds.
  path: Assets/Prefabs/NPCDebbie2.prefab
  artifactKey: Guid(1bddbd3a1afe9314f936a7e5fde0da5c) Importer(815301076,1909f56bfc062723c751e8b465ee728b)
Start importing Assets/Prefabs/NPCDebbie2.prefab using Guid(1bddbd3a1afe9314f936a7e5fde0da5c) Importer(815301076,1909f56bfc062723c751e8b465ee728b)  -> (artifact id: '16a206e0c5da080a4a068980840ca515') in 0.455730 seconds 
========================================================================
Received Import Request.
  Time since last request: 0.000043 seconds.
  path: Assets/Prefabs/NPC06.prefab
  artifactKey: Guid(bce69ffb460102040acb20bbea5190c3) Importer(815301076,1909f56bfc062723c751e8b465ee728b)
Start importing Assets/Prefabs/NPC06.prefab using Guid(bce69ffb460102040acb20bbea5190c3) Importer(815301076,1909f56bfc062723c751e8b465ee728b)  -> (artifact id: 'dcc5ef6ada782540248fd77616984e3d') in 0.474552 seconds 
========================================================================
Received Import Request.
  Time since last request: 0.000034 seconds.
  path: Assets/Prefabs/NPC02.prefab
  artifactKey: Guid(b126acb8a7a673f439f5ec19e17dfd59) Importer(815301076,1909f56bfc062723c751e8b465ee728b)
Start importing Assets/Prefabs/NPC02.prefab using Guid(b126acb8a7a673f439f5ec19e17dfd59) Importer(815301076,1909f56bfc062723c751e8b465ee728b)  -> (artifact id: 'e034ad9489e9afcd6a020281b0c27eba') in 0.405199 seconds 
========================================================================
Received Import Request.
  Time since last request: 0.000053 seconds.
  path: Assets/Prefabs/NPC08.prefab
  artifactKey: Guid(a71d66c2d3ba94e46b0fda843b37281e) Importer(815301076,1909f56bfc062723c751e8b465ee728b)
Start importing Assets/Prefabs/NPC08.prefab using Guid(a71d66c2d3ba94e46b0fda843b37281e) Importer(815301076,1909f56bfc062723c751e8b465ee728b)  -> (artifact id: 'a56d41b1ec71252dcb67cba16e8b7b8a') in 0.193071 seconds 
========================================================================
Received Import Request.
  Time since last request: 0.000035 seconds.
  path: Assets/Prefabs/NPC03.prefab
  artifactKey: Guid(aea00cd83b7045845975864cbf0caa3e) Importer(815301076,1909f56bfc062723c751e8b465ee728b)
Start importing Assets/Prefabs/NPC03.prefab using Guid(aea00cd83b7045845975864cbf0caa3e) Importer(815301076,1909f56bfc062723c751e8b465ee728b)  -> (artifact id: 'f5b60c44acc9c3773693d86f9c1251a5') in 0.196423 seconds 
========================================================================
Received Import Request.
  Time since last request: 0.000041 seconds.
  path: Assets/Prefabs/NPCDebbie1.prefab
  artifactKey: Guid(d6f8590726c0fdf4d8820af07e591e5b) Importer(815301076,1909f56bfc062723c751e8b465ee728b)
Start importing Assets/Prefabs/NPCDebbie1.prefab using Guid(d6f8590726c0fdf4d8820af07e591e5b) Importer(815301076,1909f56bfc062723c751e8b465ee728b)  -> (artifact id: 'cb4cff3e5d34938029b2b60613265557') in 0.346514 seconds 
========================================================================
Received Import Request.
  Time since last request: 0.000037 seconds.
  path: Assets/Prefabs/NPCGeneral01.prefab
  artifactKey: Guid(9179786054c1ca64996197a586509ff2) Importer(815301076,1909f56bfc062723c751e8b465ee728b)
Start importing Assets/Prefabs/NPCGeneral01.prefab using Guid(9179786054c1ca64996197a586509ff2) Importer(815301076,1909f56bfc062723c751e8b465ee728b)  -> (artifact id: '15dc30d49c6221332bb395e116324285') in 0.075354 seconds 
========================================================================
Received Import Request.
  Time since last request: 0.000036 seconds.
  path: Assets/Prefabs/NPC04.prefab
  artifactKey: Guid(0c667e5e5810e0448b52183683271385) Importer(815301076,1909f56bfc062723c751e8b465ee728b)
Start importing Assets/Prefabs/NPC04.prefab using Guid(0c667e5e5810e0448b52183683271385) Importer(815301076,1909f56bfc062723c751e8b465ee728b)  -> (artifact id: '33364a41a6f5f1f9c131120b0060eeca') in 0.117658 seconds 
========================================================================
Received Import Request.
  Time since last request: 0.000044 seconds.
  path: Assets/Prefabs/NPC07.prefab
  artifactKey: Guid(e0963aa14dba98a43938b379bb1c9335) Importer(815301076,1909f56bfc062723c751e8b465ee728b)
Start importing Assets/Prefabs/NPC07.prefab using Guid(e0963aa14dba98a43938b379bb1c9335) Importer(815301076,1909f56bfc062723c751e8b465ee728b)  -> (artifact id: 'a23a25100a164ee75733ff75e8800fe5') in 0.196872 seconds 
========================================================================
Received Import Request.
  Time since last request: 0.000040 seconds.
  path: Assets/Prefabs/NPCDebbie3.prefab
  artifactKey: Guid(c774684354c0c8340acd528845103aad) Importer(815301076,1909f56bfc062723c751e8b465ee728b)
Start importing Assets/Prefabs/NPCDebbie3.prefab using Guid(c774684354c0c8340acd528845103aad) Importer(815301076,1909f56bfc062723c751e8b465ee728b)  -> (artifact id: '173951b39aee23555559698f1b39f28c') in 0.186884 seconds 
========================================================================
Received Prepare
Registering precompiled user dll's ...
Registered in 0.034702 seconds.
Begin MonoManager ReloadAssembly
Symbol file LoadedFromMemory doesn't match image D:\GameDev\SantosPowerUp2025\Library\PackageCache\com.unity.visualscripting@1.7.8\Editor\VisualScripting.Core\Dependencies\YamlDotNet\Unity.VisualScripting.YamlDotNet.dll
Symbol file LoadedFromMemory doesn't match image D:\GameDev\SantosPowerUp2025\Library\PackageCache\com.unity.visualscripting@1.7.8\Editor\VisualScripting.Core\Dependencies\DotNetZip\Unity.VisualScripting.IonicZip.dll
Native extension for WindowsStandalone target not found
Native extension for Android target not found
Native extension for WebGL target not found
Refreshing native plugins compatible for Editor in 1.44 ms, found 3 plugins.
Preloading 0 native plugins for Editor in 0.00 ms.
Mono: successfully reloaded assembly
- Completed reload, in  5.378 seconds
Domain Reload Profiling:
	ReloadAssembly (5387ms)
		BeginReloadAssembly (504ms)
			ExecutionOrderSort (0ms)
			DisableScriptedObjects (29ms)
			BackupInstance (0ms)
			ReleaseScriptingObjects (0ms)
			CreateAndSetChildDomain (134ms)
		EndReloadAssembly (4462ms)
			LoadAssemblies (431ms)
			RebuildTransferFunctionScriptingTraits (0ms)
			SetupTypeCache (1243ms)
			ReleaseScriptCaches (19ms)
			RebuildScriptCaches (236ms)
			SetupLoadedEditorAssemblies (1946ms)
				LogAssemblyErrors (0ms)
				InitializePlatformSupportModulesInManaged (85ms)
				SetLoadedEditorAssemblies (1ms)
				RefreshPlugins (2ms)
				BeforeProcessingInitializeOnLoad (332ms)
				ProcessInitializeOnLoadAttributes (885ms)
				ProcessInitializeOnLoadMethodAttributes (547ms)
				AfterProcessingInitializeOnLoad (94ms)
				EditorAssembliesLoaded (1ms)
			ExecutionOrderSort2 (0ms)
			AwakeInstancesAfterBackupRestoration (45ms)
Platform modules already initialized, skipping
Refreshing native plugins compatible for Editor in 33.49 ms, found 3 plugins.
Preloading 0 native plugins for Editor in 0.00 ms.
Unloading 5618 Unused Serialized files (Serialized files now loaded: 0)
Unloading 28 unused Assets / (1.1 MB). Loaded Objects now: 6520.
Memory consumption went from 243.0 MB to 241.9 MB.
Total: 29.423200 ms (FindLiveObjects: 7.262300 ms CreateObjectMapping: 2.887200 ms MarkObjects: 18.610000 ms  DeleteObjects: 0.661700 ms)

AssetImportParameters requested are different than current active one (requested -> active):
  custom:video-decoder-ogg-theora: a1e56fd34408186e4bbccfd4996cb3dc -> 
  custom:container-muxer-webm: aa71ff27fc2769a1b78a27578f13a17b -> 
  custom:container-demuxer-webm: 4f35f7cbe854078d1ac9338744f61a02 -> 
  custom:video-encoder-webm-vp8: eb34c28f22e8b96e1ab97ce403110664 -> 
  custom:audio-encoder-webm-vorbis: bf7c407c2cedff20999df2af8eb42d56 -> 
  custom:framework-win-MediaFoundation: 216162199b28c13a410421893ffa2e32 -> 
  custom:container-demuxer-ogg: 62fdf1f143b41e24485cea50d1cbac27 -> 
  custom:video-decoder-webm-vp8: 9c59270c3fd7afecdb556c50c9e8de78 -> 
  custom:audio-decoder-ogg-vorbis: bf7c407c2cedff20999df2af8eb42d56 -> 
========================================================================
Received Import Request.
  Time since last request: 180.050143 seconds.
  path: Assets/Models/Cidade.prefab
  artifactKey: Guid(65ced1c4e399e9149b2265810bed26ca) Importer(815301076,1909f56bfc062723c751e8b465ee728b)
Start importing Assets/Models/Cidade.prefab using Guid(65ced1c4e399e9149b2265810bed26ca) Importer(815301076,1909f56bfc062723c751e8b465ee728b)  -> (artifact id: 'b875386c172e92130ae37792d41b08ca') in 2.730993 seconds 
========================================================================
Received Prepare
Refreshing native plugins compatible for Editor in 8.94 ms, found 3 plugins.
Preloading 0 native plugins for Editor in 0.00 ms.
Unloading 28 Unused Serialized files (Serialized files now loaded: 0)
Unloading 29 unused Assets / (1.1 MB). Loaded Objects now: 6596.
Memory consumption went from 130.8 MB to 129.7 MB.
Total: 13.545600 ms (FindLiveObjects: 2.711800 ms CreateObjectMapping: 2.989200 ms MarkObjects: 7.443100 ms  DeleteObjects: 0.398800 ms)

AssetImportParameters requested are different than current active one (requested -> active):
  custom:video-decoder-ogg-theora: a1e56fd34408186e4bbccfd4996cb3dc -> 
  custom:container-muxer-webm: aa71ff27fc2769a1b78a27578f13a17b -> 
  custom:container-demuxer-webm: 4f35f7cbe854078d1ac9338744f61a02 -> 
  custom:video-encoder-webm-vp8: eb34c28f22e8b96e1ab97ce403110664 -> 
  custom:audio-encoder-webm-vorbis: bf7c407c2cedff20999df2af8eb42d56 -> 
  custom:framework-win-MediaFoundation: 216162199b28c13a410421893ffa2e32 -> 
  custom:container-demuxer-ogg: 62fdf1f143b41e24485cea50d1cbac27 -> 
  custom:video-decoder-webm-vp8: 9c59270c3fd7afecdb556c50c9e8de78 -> 
  custom:audio-decoder-ogg-vorbis: bf7c407c2cedff20999df2af8eb42d56 -> 
